名称,处理人,所属行业,处罚案号,违规类型,违规行为,处分类型,匹配词,来源列
科达制造,上海证券交易所,机械,-,特定重大事项披露违规,"未及时披露公司重大事件,信息披露虚假或严重误导性陈述",公开批评,公开批评,处分类型
苏美达,上海证券交易所,工业贸易与综合,纪律处分决定书(2016)3号,特定重大事项披露违规,"未及时披露公司重大事件,未依法履行职责",内部通报批评,通报批评,处分类型
江苏国信,深圳证券交易所,公用事业Ⅱ,-,财务类违规,财务会计报告违规,内部通报批评,通报批评,处分类型
金晶科技,上海证券交易所,建材Ⅱ,上证公监函(2016)0009号,"公司运作,治理违规",公司2014年度业绩大幅亏损，但未能准确予以披露，且未及时加以更正,内部通报批评,通报批评,处分类型
江苏国信,深圳证券交易所,公用事业Ⅱ,-,财务类违规,"经查明,江苏舜天船舶股份有限公司(以下简称“*ST舜船”)及相关当事人存在以下违规行为:根据*ST舜船披露的《关于对以前年度会计差错更正及追溯调整的公告》,*ST舜船2009年,2010年,2012年,2013年年度报告存在重大会计差错. *ST舜船对以前年度不符合收入确认条件的船舶销售和不符合预付账款性质的长账龄预付款项挂账错误进行更正,并追溯调整以前年度损益,分别调减2009年,2010年,2012年,2013年净利润3,249.14万元,120.44万元,3,441.06万元,2,745.90万元,调整后上述会计年度净利润分别为18,252.25万元,21,979.75万元,4,626.01万元和9,608.94万元,调减幅度分别为17.80%,0.55%,74.38%和28.58%.",内部通报批评,通报批评,处分类型
苏美达,上海证券交易所,工业贸易与综合,-,特定重大事项披露违规,"一,公司未及时发现重要参股公司可能发生的重大风险情况,其股权管理的内部控制存在重大缺陷经核实,现代江苏工程机械有限公司(以下简称“现代江苏”或“联营公司”)是公司的重要参股公司,持股比例为40%,韩国方股东现代重工(中国)投资有限公司(以下简称“现代重工”)持股比例为60%.2014年11月28日,现代江苏向江苏省常州市国家税务局(以下简称“常州税务局”)申报2006年,2007年和2011年特别纳税调整应纳税所得额3.48亿元,相应补缴企业所得税6,294万元.2015年8月21日,公司披露称,本次特别纳税调整事项是因现代江苏与现代重工通过关联交易实施转移定价,应常州税务局要求补缴的以前年度税款. 根据持有的股权比例,现代江苏前述转移定价纳税调整事项对公司2006年,2007年以及2011年3个会计年度确认的投资收益的影响总额为1.39亿元,占公司前述3年净利润总和的46.8%.另外,2014年12月,现代江苏向现代重工实际控制的关联企业现代融资租赁有限公司回购融资租赁债权3.65亿元,确认为现代江苏应收账款.该回购事项为关联交易,并于2014年被计提大额坏账准备,相关交易也未按现代江苏的公司章程规定提交其董事会审议通过.经核实,公司对现代江苏确认的投资收益是历年公司利润的主要来源,2003年至2012年,*ST常林确认的相关投资收益占*ST常林净利润年均比例为131%. 现代江苏作为*ST常林的重要参股公司,其5名董事中的2个席位和1个副总经理席位均为公司委派.公司理应通过派驻人员主动了解现代江苏的日常生产经营情况,及时关注现代江苏可能出现的重大事项,维护公司的重大利益.但公司仅在后期审阅现代江苏会计报表时才发现前述转移定价事项和融资租赁债权回购事项.公司在相关事项发生时,未能及时发现和有效处置现代江苏可能出现的重大风险事项,其股权管理的内部控制存在重大缺陷. 二,公司重要参股公司相关重大事项的披露不充分,不及时经核实,公司已通过审阅现代江苏的会计报表,分别于2014年12月22日和2015年1月20日知悉前述特别纳税调整和回购融资租赁债权事项的具体情况.公司2015年1月31日发布2014年度业绩预告仅提及特别纳税调整事项,并迟至8月21日才披露前述特别纳税调整事项的具体原因,金额及影响.关于回购融资租赁债权事项,公司也迟至2015年7月22日才予以披露相关事项及其具体金额和相关坏账减值准备计提情况.公司关于前述两项重大事项的披露不及时,不充分,并导致其前期披露的业绩预告公告未能及时提示公司当年业绩可能亏损. 公司前述行为违反了《上海证券交易所股票上市规则》(以下简称“《股票上市规则》”)第1.4条,第2.1条,第7.3条,第7.7条和《上海证券交易所上市公司内部控制指引》第十六条的规定.公司时任董事兼总经理王伟炎和时任副董事长蔡中青,作为公司向现代江苏派出的董事,未能勤勉尽责,积极履行对现代江苏日常生产经营的参与管理责任,对公司重要参股公司股权管理的内部控制方面存在重大缺陷负有主要责任;公司董事长吴培国作为公司主要负责人,未有效执行公司内部控制制度,督促派至现代江苏的工作人员切实履职,对此也应承担责任. 上述人员违反了《股票上市规则》第1.4条,第2.2条,第3.1.4条和第3.1.5条的规定以及其在《董事声明和承诺书》中做出的承诺.",内部通报批评,通报批评,处分类型
苏美达,上海证券交易所(中国证券博物馆),工业贸易与综合,-,"公司运作,治理违规",违反了《股票上市规则》的相关规定,内部通报批评,通报批评,处分类型
国泰海通,全国中小企业股份转让系统,非银金融,股转系统发(2016)54号,"公司运作,治理违规",违规经营,公开谴责,公开谴责,处分类型
招商银行,中国银行间市场交易商协会,银行,-,"公司运作,治理违规",招商银行因自身工作操作疏忽导致深圳市中小企业信用融资担保集团有限公司的2015年上半年度财务报表未能按期披露。,"内部通报批评,责令改正",通报批评,处分类型
科新发展,上海证券交易所,建筑,(2016)8号,"超比例减持,特定重大事项披露违规","经查明,2015年5月8-28日,东营国际金融贸易港有限公司(以下简称“东营国际”)及其一致行动人孙承飞通过上海证券交易所(以下简称“本所”)集中竞价交易系统,买入山西广和山水文化传播股份有限公司(以下简称“山水文化”或“公司”)股份10,123,025股,占公司已发行股份的5%.2015年7月9日,孙承飞所持公司股票132,400股因触及平仓线,被强制平仓.2015年7月16-17日,东营国际减持公司股份9,973,025股.2015年9月2日,孙承飞减持其所持公司全部剩余股票17,600股.至此,东营国际及其一致行动人孙承飞持有的公司股票全部减持完毕. 东营国际及其一致行动人孙承飞的前述减持行为,不符合《中国证券监督管理委员会公告〔2015〕18号》第一条关于“从即日起6个月内,上市公司控股股东和持股5%以上股东(以下并称大股东)及董事,监事,高级管理人员不得通过二级市场减持本公司股份”的规定.另经核实,东营国际及其一致行动人孙承飞于2015年9月1日披露简式权益变动报告书称,其所持公司股份已全部减持完毕;2015年9月12日,其又披露简式权益变动报告书(修订版)称,其所持股份至9月2日才全部减持完毕.东营国际及其一致行动人的上述信息披露不准确. 综上,东营国际及其一致行动人孙承飞作为公司5%以上的股东,在所持股票被强行平仓后仍然主动继续减持股票,且相关权益变动报告披露不准确,其行为违反了《中国证券监督管理委员会公告〔2015〕18号》第一条,《上海证券交易所股票上市规则》(以下简称“《股票上市规则》”)第1.4条,第2.1条,第2.5条等有关规定,且违规减持的股份数量巨大,情节严重.",公开谴责,公开谴责,处分类型
星湖科技,上海证券交易所,食品饮料,纪律处分决定书(2016)6号,特定重大事项披露违规,"经查明,广东肇庆星湖生物科技股份有限公司(以下简称“公司”)存在如下违规事实: 一,公司办理重大资产重组停复牌事项不审慎,多次更换重组标的,并在股票长期停牌后宣告重组失败2015年3月19日,公司以筹划重大事项为由申请股票停牌.4月2日,公司披露重大资产重组停牌公告,公司股票进入重大资产重组停牌程序.公司股票停牌长达7个多月后,公司于10月31日公告终止筹划重大资产重组事项,公司股票于11月3日复牌交易. 经核实,本次重大资产重组过程中,公司先后与湖南新合新生物医药有限公司,黑龙江泰华医药集团有限公司(以下简称“黑龙江泰华”),安徽威尔曼制药有限公司,江苏国中医药有限公司(以下简称“江苏国中”),广西柳州百草堂药业有限公司(以下简称“广西百草堂”)及广东省盐业集团健康大厨房连锁有限公司(以下简称“健康大厨房”)进行了磋商,期间还分别与江苏国中及其股东以及黑龙江泰华,广西百草堂签订了框架协议书,但最后均未达成一致意见而在重组停牌长达7个月后宣告重组失败.公司重组标的及其所属行业,与公司经营发展战略相关,是公司本次重组的首要考虑事项. 本次重组停牌过程中,公司理应在对公司经营情况及发展战略充分论证并确认的基础上,认真开展尽职调查,审慎评估收购相关公司股权是否符合公司整体发展战略规划,时机是否成熟.但公司在未明确公司经营发展战略,未审慎判断收购相关公司股权时机是否成熟的情况下即申请停牌.但停牌期间,公司多次接触不同潜在交易方并在磋商不成后未审慎决策停复牌事项,多次更换重组标的甚至重组标的所在行业.公司未能审慎办理重大资产重组停复牌事项,期间多次更换重组标的,并在股票长期停牌超过7个月后宣告重组失败,严重影响公司股票正常交易秩序. 二,公司股票停牌期间重大事项进展信息披露不及时,不充分,也未充分揭示重组终止的风险公司股票自2015年3月19日停牌后,公司在7个多月的停牌期间内,未按照《上市公司重大资产重组信息披露及停复牌业务指引》相关要求就本次重大资产重组实际推进情况如实进行信息披露.迟至10月10日,公司才公告与前述5家医药企业进行了磋商.公司重大资产重组停牌期间信息披露时间严重滞后,披露内容不充分.另经核实,公司于10月24日公告拟收购的健康大厨房是公司实际控制人广东省国资委下属企业.但7天后,公司即公告终止重大资产重组,终止原因为“交易涉及的税收等问题预计短期内难以取得一致意见”. 税收安排是事关重组交易双方能否达成一致的重要事项.公司与拟收购标的同属广东省国资委下属企业,有其资产核查和交易安排的便利性,理应在与标的资产接触之初即了解税收问题可能导致此次重组失败.但公司未能认真核查,也未能向投资者充分揭示税收等可能导致重组终止的风险.",内部通报批评,通报批评,处分类型
亚星化学,上海证券交易所,化工,(2016)4号,特定重大事项披露违规,"一,公司编制并披露的重组预案内容与格式不符合规则要求2015年10月17日,公司披露《潍坊亚星化学股份有限公司发行股份购买资产并募集配套资金暨关联交易预案》(以下简称“重组预案”). 经事后审核发现,重组预案不符合上海证券交易所(以下简称“本所”)《上市公司重大资产重组预案格式指引》(以下简称“《格式指引》”)的格式和内容要求:一是未按《格式指引》第15条的规定完整披露本次交易相关合同的主要内容;二是未按《格式指引》第24条的规定充分披露交易对方与上市公司的关联关系;三是未按《格式指引》第25条的规定披露交易对方所控制的主要公司及其下属公司的相关情况;四是未按《格式指引》第43条的规定披露本次交易后的经营发展战略和业务管理模式,以及业务转型升级可能面临的风险和应对措施;五是未按《格式指引》第50条的规定充分披露标的资产面临疏解的进度,风险及应对措施;六是未按《格式指引》第9节的规定披露标的资产2015年剥离后的财务状况,未对剥离后资产经营相关情况进行定性和定量分析;七是未充分披露财务顾问与交易对方的关系. 公司停牌时间长达5个月,但披露的重组预案仍存在重大遗漏,信息披露不充分,不完整,给投资者的阅读和理解带来较大影响. 二,公司未及时披露交易对方及标的资产的重大变动情况公司披露的重组预案显示,截至2015年9月30日,公司实际控制人李贵斌控制的相关公司占用标的资产资金余额高达14亿元.同时,标的资产尚有18亿元未清偿债务,并用标的资产100%股权予以质押担保.重组预案披露后,截至2015年11月5日,上述关联方占用资金本息已偿还,标的资产借款已清偿,股权质押已解除. 另外,重组交易对方山东冠县鑫隆建筑材料有限公司的股权也发生了重大变更,由李贵斌,李贵杰分别持股60%和40%股权,变为李贵斌持股51%,李贵斌,李贵杰与中国信达资产管理股份有限公司(时任财务顾问之一信达证券股份有限公司的母公司)等投资方共同设立的芜湖华恒投资合伙企业(有限合伙)持股49%.对于前述重组相关事项发生的重大变化,公司及其实际控制人,交易对方均未及时披露.经本所事后审核发现并督促后,公司才于2015年11月12日披露相关事项.",内部通报批评,通报批评,处分类型
ST八菱,深圳证券交易所,汽车与零配件,-,特定重大事项披露违规,信息披露虚假或严重误导性陈述,内部通报批评,通报批评,处分类型
协鑫集成,深圳证券交易所,电气设备,深证上(2016)61号,"特定重大事项披露违规,财务类违规,公司运作,治理违规",未及时披露公司重大事件;信息披露虚假或严重误导性陈述;财务会计报告违规,公开谴责,公开谴责,处分类型
天下秀,上海证券交易所,软件服务,(2016)12号,"公司运作,治理违规",董事兼总裁陈健减持公司股票;顾国平通过一致行动人违规增持股份且未履行权益变动披露义务,"责令改正,公开批评",公开批评,处分类型
华泰证券,上海证券交易所(中国证券博物馆),非银金融,(2016)14号,超比例减持,"经查明,截至2015年7月7日,江苏省苏豪控股集团有限公司(以下简称“苏豪控股”)及其控股子公司江苏省苏豪国际集团股份有限公司(以下简称“苏豪股份”)作为一致行动人合计持有华泰证券股份有限公司(以下简称“公司”)A股股份365,679,794股,占总股本比例为5.1%.截至2015年12月2日,苏豪控股和苏豪股份累计减持公司A股99,673,486股,合计持股比例降为4.932%,违规减持金额约2.4亿元. 期间,在被告知其减持行为已违反证监会相关规定后,苏豪股份仍于2015年11月6日继续减持公司A股股份120,000股,苏豪控股于2015年11月9日及2015年11月10日分别继续减持公司A股股份2,000,000股及1,000,000股.苏豪控股和苏豪股份的减持行为不符合《中国证券监督管理委员会公告〔2015〕18号》第一条关于“从即日起6个月内,上市公司控股股东和持股5%以上股东(以下并称大股东)及董事,监事,高级管理人员不得通过二级市场减持本公司股份”的要求,且违规减持股份的数量和金额巨大,情节严重.",公开谴责,公开谴责,处分类型
华泰证券,上海证券交易所(中国证券博物馆),非银金融,(2016)14号,超比例减持,"经查明,截至2015年7月7日,江苏省苏豪控股集团有限公司(以下简称“苏豪控股”)及其控股子公司江苏省苏豪国际集团股份有限公司(以下简称“苏豪股份”)作为一致行动人合计持有华泰证券股份有限公司(以下简称“公司”)A股股份365,679,794股,占总股本比例为5.1%.截至2015年12月2日,苏豪控股和苏豪股份累计减持公司A股99,673,486股,合计持股比例降为4.932%,违规减持金额约2.4亿元. 期间,在被告知其减持行为已违反证监会相关规定后,苏豪股份仍于2015年11月6日继续减持公司A股股份120,000股,苏豪控股于2015年11月9日及2015年11月10日分别继续减持公司A股股份2,000,000股及1,000,000股.苏豪控股和苏豪股份的减持行为不符合《中国证券监督管理委员会公告〔2015〕18号》第一条关于“从即日起6个月内,上市公司控股股东和持股5%以上股东(以下并称大股东)及董事,监事,高级管理人员不得通过二级市场减持本公司股份”的要求,且违规减持股份的数量和金额巨大,情节严重.",公开谴责,公开谴责,处分类型
协鑫集成,深圳证券交易所,电气设备,深证上(2016)61号,特定重大事项披露违规,"经查明,2015年5月26日中国证券监督管理委员会对上海超日太阳能科技股份有限公司(以下简称“超日股份”)及相关当事人予以行政处罚,结合〔2015〕10号行政处罚决定书所查明的事实,超日股份及其相关当事人存在以下违规行为: 1.超日股份未披露在海外收购光伏电站项目的情况.2.超日股份未按规定披露超日卢森堡向国家开发银行(以下简称“国开行”)贷款过程中相关股权质押情况.3.超日股份虚假确认对上海佳途太阳能科技有限公司销售收入1.63亿元,导致2012年半年报,第三季报营业收入和利润总额虚假记载;超日股份提前确认对天华阳光新能源有限公司销售收入2.39亿元,导致2012年第三季度报告营业收入,利润总额虚假记载. 两次累计占2012年半年报销售收入的比例为10.96%,占2012年前三季度销售收入的比例为19.18%.4.根据超日股份2013年4月24日出具的《关于前期会计差错更正的公告》,公司以前年度报告存在重大会计差错.5.根据超日股份2015年4月29日披露的《关于公司2014年度财务报告前期差错更正的专项说明》显示,超日股份2013年年度报告存在重大会计差错.","公开谴责,内部通报批评","公开谴责,通报批评",处分类型
美邦服饰,深圳证券交易所,纺织服装Ⅱ,-,"公司运作,治理违规",作为上海美特斯邦威服饰股份有限公司股东期间存在违规行为,内部通报批评,通报批评,处分类型
成都路桥,深圳证券交易所,建筑,中小板关注函(2016)第40号,"公司运作,治理违规","一、公司股东李勤提交临时提案的基本情况2016年2月23日，公司第四届董事会第二十九次会议审议通过《关于召开2016年第一次临时股东大会的议案》。董事会召集于2016年3月11日召开2016年第一次临时股东大会，并于2016年2月24日晚间在巨潮资讯网公告了《关于召开2016年第一次临时股东大会的公告》。2016年3月1日，公司董事会收到股东李勤提交的《李勤关于向成都市路桥工程股份有限公司2016年第一次临时股东大会增加临时提案的函》，提议2016年第一次临时股东大会进行公司董事会换届选举，并推荐李勤等六名人员出任公司第五届董事会非独立董事。2016年3月2日，公司披露了《董事会关于选举第五届董事会非独立董事、独立董事的意见》、《关于收到股东临时提案的提示性公告》。经公司董事会就股东李勤临时提案的提案人资格、提交时间、提案的内容和形式等方面进行审核，认为该临时提案不符合法律、行政法规和《公司章程》的有关规定，决定不提交公司2016年第一次临时股东大会审议。二、董事会对股东提案进行审查不仅是权利也是义务根据《公司法》第一百零二条第二款的规定，“单独或者合计持有公司百分之三以上股份的股东，可以在股东大会召开十日前提出临时提案并书面提交董事会；董事会应当在收到提案后二日内通知其他股东，并将该临时提案提交股东大会审议。临时提案的内容应当属于股东大会职权范围，并有明确议题和具体决议事项。”上述条款对于股东提交临时提案的程序、内容均作出了明确规定，并非股东提交的任何临时提案均应该最终提交股东大会审议，因此，董事会作为股东大会的召集人，应当有权对股东临时提案的合法合规性进行审查。股东大会作为公司最高权力机构，其各项决议程序应当以公司利益最大化为导向，从提高股东大会决议效率的合理性角度而言，股东大会无需也不可能保障全体股东充分表达自身各种观点的自由，仅能保障符合公司利益，有关公司事宜的提案的提出。董事会作为股东大会的召集人，负有审查股东临时提案形式及内容的合法性，甄别相关信息的真实与准确性，以使股东大会的议事程序符合公司利益最大化的义务。三、董事会对股东李勤提交的临时提案的审查意见（一）该临时提案提交时间不符合《公司章程》的规定根据《公司章程》的规定，股东提名董事、监事候选人的临时提案，最迟应在股东大会召开10日以前，以书面提案的形式向召集人提出并应同时提交有关董事、监事候选人的详细资料。公司2016年第一次临时股东大会将于2016年3月11日召开，2016年2月29日为股东提交临时提案的最后期限。股东李勤向公司董事会提交临时提案的时间为2016年3月1日，不符合《公司章程》关于股东提交临时提案的时限规定。（二）该临时提案内容不符合《公司章程》的规定根据《公司章程》第一百二十条规定，“董事会由9名董事组成，其中独立董事3名。”股东李勤本次提交的临时提案提议董事会进行换届选举，但仅推荐6名董事候选人，未推荐独立董事候选人。如按该临时提案进行换届选举，则董事会组成将不符合《公司章程》的规定。（三）股东李勤未提交临时提案所推荐的董事候选人任职条件的相关材料根据《公司章程》第九十四条规定，“公司董事为自然人，有下列情形之一的，不能担任公司的董事：（一）无民事行为能力或者限制民事行为能力；（二）因贪污、贿赂、侵占财产、挪用财产或者破坏社会主义市场经济秩序，被判处刑罚，执行期满未逾5年，或者因犯罪被剥夺政治权利,执行期满未逾5年；（三）担任破产清算的公司、企业的董事或者厂长、经理，对该公司、企业的破产负有个人责任的，自该公司、企业破产清算完结之日起未逾3年；（四）担任因违法被吊销营业执照、责令关闭的公司、企业的法定代表人，并负有个人责任的，自该公司、企业被吊销营业执照之日起未逾3年；（五）个人所负数额较大的债务到期未清偿；（六）被中国证监会处以证券市场禁入处罚，期限未满的；（七）被证券交易所公开认定不适合担任上市公司董事；（八）最近三年内受到证券交易所公开谴责；（九）因涉嫌犯罪被司法机关立案侦查或者涉嫌违法违规被中国证监会立案调查，尚未有明确结论意见；（十）法律、行政法规或部门规章规定的其他内容。违反本条规定选举、委派董事的，该选举、委派或者聘任无效。董事在任职期间出现本条情形的，公司解除其职务。”股东李勤并未提供其所推荐的董事符合上述条件的相关材料，导致公司董事会无法对其推荐的董事候选人是否符合公司董事任职条件进行审核。",监管关注,"公开认定,公开谴责",违规行为
合金投资,深圳证券交易所,有色金属,-,"公司运作,治理违规",未及时披露公司重大事件,内部通报批评,通报批评,处分类型
合金投资,深圳证券交易所,有色金属,-,特定重大事项披露违规,"经查明,本所上市公司沈阳合金投资股份有限公司(以下简称“合金投资”)及有关当事人存在以下违规事实:2015年4月8日,合金投资披露《关于控股股东签署股份转让协议的公告》,合金投资称其原控股股东辽宁省机械(集团)股份有限公司(以下简称“辽机集团”)于2015年4月2日签订《股份转让协议》,辽机集团将其持有的合金投资11000万股股份(约占上市公司股份总数的28.564%)以9.50元/股的价格,向杨新红转让5260万股,向共青城招银玖号投资合伙企业(有限合伙)(以下简称“招银玖号”)转让4740万股,向蔡明转让1000万股.2015年4月20日,合金投资披露股东杨新红作出的详式权益变动报告书和股东招银玖号作出的简式权益变动报告书. 根据合金投资2015年10月23日披露的《关于重大协议补充披露等有关事项的公告》,合金投资存在以下未及时披露的事宜: 一,2015年2月12日,辽机集团与北京千和资本投资管理有限公司(以下简称“千和资本”),杨新红,招银玖号,上海臻贺资产管理中心有限合伙(以下简称“臻贺资管”)签署编号为LIMACHJ1501的《股份转让合作框架协议》,约定辽机集团向杨新红,招银玖号,臻贺资管合计转让10000万股合金投资股份.该框架协议为相关各方的意向性协议,该协议已于2015年3月31日自—3—动终止. 二,2015年2月16日,千和资本与北京乾坤翰林文化传播有限公司(以下简称“乾坤翰林”),杨新红签署编号为2015-02-TZKJ001的《投资框架协议》,协议主要约定:千和资本或其推荐的投资人有权在协议签订生效日起至2015年3月31日的期间内,和杨新红签订股权转让协议,收购杨新红所持有的乾坤翰林股权.杨新红只能将上述股权转让价款用于与千和资本或其推荐的投资人共同收购目标上市公司的股权.该协议已于2015年3月31日终止. 三,2015年4月2日,共青城招银叁号投资合伙企业(有限合伙)(以下简称“招银叁号”)与杨新红,乾坤翰林签署了《合作协议》,协议主要内容有:招银叁号以3000万元受让杨新红持有的乾坤翰林30%股权,6.7亿元通过《借款合同》提供给杨新红,杨新红应将持有的合金投资股份质押给招银叁号;杨新红放弃依法委派董事的权利,承诺根据招银叁号的指令委派合金投资董事. 四,2015年4月21/22日,招银叁号与杨新红,乾坤翰林签署了《备忘录》,备忘录主要内容有:收购合金投资股份交割完成后,由杨新红委派1名董事,其他董事由招银叁号委派;乾坤翰林于2016年9月30日仍未取得政府部门等有权机关,机构(包括但不限于证监会)同意将其资产注入合金投资的批复,2016年10月8日起,杨新红以其持有的合金投资5260万股股票作为对价回购招银叁号持有的乾坤翰林全部股权.—4—合金投资的上述行为违反了本所《股票上市规则(2014年修订)》第1.4条,第11.11.4条的规定. 合金投资股东辽机集团,杨新红和招银玖号的上述行为违反了本所《股票上市规则(2014年修订)》第2.3条,本所《主板上市公司规范运作指引(2015年修订)》第4.1.6条的规定.合金投资现任董事长赵景云,时任董事长吴岩和时任董事于伟未能恪守尽责,履行诚信勤勉义务,违反了本所《股票上市规则(2014年修订)》第1.4条,第3.1.5条的规定,对合金投资的上述违规行为负有重要责任.合金投资时任董事会秘书杜坚毅未能恪守尽责,履行诚信勤勉义务,违反了本所《股票上市规则(2014年修订)》第1.4条,第3.1.5条和第3.2.2条的规定,对合金投资的上述违规行为负有重要责任.",内部通报批评,通报批评,处分类型
合金投资,深圳证券交易所,有色金属,-,特定重大事项披露违规,"经查明,本所上市公司沈阳合金投资股份有限公司(以下简称“合金投资”)及有关当事人存在以下违规事实:2015年4月8日,合金投资披露《关于控股股东签署股份转让协议的公告》,合金投资称其原控股股东辽宁省机械(集团)股份有限公司(以下简称“辽机集团”)于2015年4月2日签订《股份转让协议》,辽机集团将其持有的合金投资11000万股股份(约占上市公司股份总数的28.564%)以9.50元/股的价格,向杨新红转让5260万股,向共青城招银玖号投资合伙企业(有限合伙)(以下简称“招银玖号”)转让4740万股,向蔡明转让1000万股.2015年4月20日,合金投资披露股东杨新红作出的详式权益变动报告书和股东招银玖号作出的简式权益变动报告书. 根据合金投资2015年10月23日披露的《关于重大协议补充披露等有关事项的公告》,合金投资存在以下未及时披露的事宜: 一,2015年2月12日,辽机集团与北京千和资本投资管理有限公司(以下简称“千和资本”),杨新红,招银玖号,上海臻贺资产管理中心有限合伙(以下简称“臻贺资管”)签署编号为LIMACHJ1501的《股份转让合作框架协议》,约定辽机集团向杨新红,招银玖号,臻贺资管合计转让10000万股合金投资股份.该框架协议为相关各方的意向性协议,该协议已于2015年3月31日自—3—动终止. 二,2015年2月16日,千和资本与北京乾坤翰林文化传播有限公司(以下简称“乾坤翰林”),杨新红签署编号为2015-02-TZKJ001的《投资框架协议》,协议主要约定:千和资本或其推荐的投资人有权在协议签订生效日起至2015年3月31日的期间内,和杨新红签订股权转让协议,收购杨新红所持有的乾坤翰林股权.杨新红只能将上述股权转让价款用于与千和资本或其推荐的投资人共同收购目标上市公司的股权.该协议已于2015年3月31日终止. 三,2015年4月2日,共青城招银叁号投资合伙企业(有限合伙)(以下简称“招银叁号”)与杨新红,乾坤翰林签署了《合作协议》,协议主要内容有:招银叁号以3000万元受让杨新红持有的乾坤翰林30%股权,6.7亿元通过《借款合同》提供给杨新红,杨新红应将持有的合金投资股份质押给招银叁号;杨新红放弃依法委派董事的权利,承诺根据招银叁号的指令委派合金投资董事. 四,2015年4月21/22日,招银叁号与杨新红,乾坤翰林签署了《备忘录》,备忘录主要内容有:收购合金投资股份交割完成后,由杨新红委派1名董事,其他董事由招银叁号委派;乾坤翰林于2016年9月30日仍未取得政府部门等有权机关,机构(包括但不限于证监会)同意将其资产注入合金投资的批复,2016年10月8日起,杨新红以其持有的合金投资5260万股股票作为对价回购招银叁号持有的乾坤翰林全部股权.—4—合金投资的上述行为违反了本所《股票上市规则(2014年修订)》第1.4条,第11.11.4条的规定. 合金投资股东辽机集团,杨新红和招银玖号的上述行为违反了本所《股票上市规则(2014年修订)》第2.3条,本所《主板上市公司规范运作指引(2015年修订)》第4.1.6条的规定.合金投资现任董事长赵景云,时任董事长吴岩和时任董事于伟未能恪守尽责,履行诚信勤勉义务,违反了本所《股票上市规则(2014年修订)》第1.4条,第3.1.5条的规定,对合金投资的上述违规行为负有重要责任.合金投资时任董事会秘书杜坚毅未能恪守尽责,履行诚信勤勉义务,违反了本所《股票上市规则(2014年修订)》第1.4条,第3.1.5条和第3.2.2条的规定,对合金投资的上述违规行为负有重要责任.",内部通报批评,通报批评,处分类型
合金投资,深圳证券交易所,有色金属,-,特定重大事项披露违规,"经查明,本所上市公司沈阳合金投资股份有限公司(以下简称“合金投资”)及有关当事人存在以下违规事实:2015年4月8日,合金投资披露《关于控股股东签署股份转让协议的公告》,合金投资称其原控股股东辽宁省机械(集团)股份有限公司(以下简称“辽机集团”)于2015年4月2日签订《股份转让协议》,辽机集团将其持有的合金投资11000万股股份(约占上市公司股份总数的28.564%)以9.50元/股的价格,向杨新红转让5260万股,向共青城招银玖号投资合伙企业(有限合伙)(以下简称“招银玖号”)转让4740万股,向蔡明转让1000万股.2015年4月20日,合金投资披露股东杨新红作出的详式权益变动报告书和股东招银玖号作出的简式权益变动报告书. 根据合金投资2015年10月23日披露的《关于重大协议补充披露等有关事项的公告》,合金投资存在以下未及时披露的事宜: 一,2015年2月12日,辽机集团与北京千和资本投资管理有限公司(以下简称“千和资本”),杨新红,招银玖号,上海臻贺资产管理中心有限合伙(以下简称“臻贺资管”)签署编号为LIMACHJ1501的《股份转让合作框架协议》,约定辽机集团向杨新红,招银玖号,臻贺资管合计转让10000万股合金投资股份.该框架协议为相关各方的意向性协议,该协议已于2015年3月31日自—3—动终止. 二,2015年2月16日,千和资本与北京乾坤翰林文化传播有限公司(以下简称“乾坤翰林”),杨新红签署编号为2015-02-TZKJ001的《投资框架协议》,协议主要约定:千和资本或其推荐的投资人有权在协议签订生效日起至2015年3月31日的期间内,和杨新红签订股权转让协议,收购杨新红所持有的乾坤翰林股权.杨新红只能将上述股权转让价款用于与千和资本或其推荐的投资人共同收购目标上市公司的股权.该协议已于2015年3月31日终止. 三,2015年4月2日,共青城招银叁号投资合伙企业(有限合伙)(以下简称“招银叁号”)与杨新红,乾坤翰林签署了《合作协议》,协议主要内容有:招银叁号以3000万元受让杨新红持有的乾坤翰林30%股权,6.7亿元通过《借款合同》提供给杨新红,杨新红应将持有的合金投资股份质押给招银叁号;杨新红放弃依法委派董事的权利,承诺根据招银叁号的指令委派合金投资董事. 四,2015年4月21/22日,招银叁号与杨新红,乾坤翰林签署了《备忘录》,备忘录主要内容有:收购合金投资股份交割完成后,由杨新红委派1名董事,其他董事由招银叁号委派;乾坤翰林于2016年9月30日仍未取得政府部门等有权机关,机构(包括但不限于证监会)同意将其资产注入合金投资的批复,2016年10月8日起,杨新红以其持有的合金投资5260万股股票作为对价回购招银叁号持有的乾坤翰林全部股权.—4—合金投资的上述行为违反了本所《股票上市规则(2014年修订)》第1.4条,第11.11.4条的规定. 合金投资股东辽机集团,杨新红和招银玖号的上述行为违反了本所《股票上市规则(2014年修订)》第2.3条,本所《主板上市公司规范运作指引(2015年修订)》第4.1.6条的规定.合金投资现任董事长赵景云,时任董事长吴岩和时任董事于伟未能恪守尽责,履行诚信勤勉义务,违反了本所《股票上市规则(2014年修订)》第1.4条,第3.1.5条的规定,对合金投资的上述违规行为负有重要责任.合金投资时任董事会秘书杜坚毅未能恪守尽责,履行诚信勤勉义务,违反了本所《股票上市规则(2014年修订)》第1.4条,第3.1.5条和第3.2.2条的规定,对合金投资的上述违规行为负有重要责任.",内部通报批评,通报批评,处分类型
中水渔业,深圳证券交易所,食品饮料,-,"公司运作,治理违规","中水集团远洋股份有限公司（以下简称“中水渔业”）2014年审议通过现金收购张福赐所持厦门新阳洲水产品工贸有限公司（以下简称“新阳洲”或“交易标的”）55%股权的重组事宜。经查明，本次重组存在交易对手方张福赐在重组中出具的多项承诺未能如期履行，交易标的资金被占用，交易标的陷入生产停滞状态，中水渔业及相关当事人信息披露不及时等情形，中水渔业及相关当事人的违规行为具体如下：1．张福赐未如期履行业绩补偿承诺在本次重大资产重组中，张福赐对新阳洲2014年、2015年、2016年和2017年的净利润数作出承诺，承诺如经审计机构核定新阳洲前述各年实际盈利数与盈利预测数之间存在差额，将对中水渔业进行补偿，并根据《股权转让协议》的约定在每年6月30日前将不足部分补偿完毕。根据大信会计师事务所2015年9月25日出具的《业绩承诺完成情况审核报告》（大信专审字〔2015〕第25-00002号），新阳洲2014年度实现的净利润较张福赐承诺金额少439万元。对前述未实现净利润，张福赐应承担补偿义务，但截至2015年10月16日中水渔业披露《承诺事项履行的进展公告》时，张福赐仍未履行前述承诺。2．张福赐未如期履行土地征收及房产产权完善承诺本次重组中，新阳洲尚未完成部分土地征收及房产产权完善手续。针对前述事项，张福赐于2014年12月12日出具承诺，承诺将在2015年6月30日以前协调有关部门办妥相关土地、房产的产权证书，但截至2015年10月16日中水渔业披露《承诺事项履行的进展公告》时，上述土地征收及房产产权完善手续仍未完成，张福赐的上述承诺未按期履行。3．张福赐占用交易标的资金根据大信会计师事务所（特殊普通合伙）出具的新阳洲2014年度审计报告，截至2014年12月31日，新阳洲针对股东张福赐的其他应收款金额为180,329,584.47元。上述其他应收款主要形成于2014年下半年（重组审计基准日至标的股权交割日的过渡期间，在此期间，新阳洲的55%股权尚未过户至中水渔业，中水渔业尚未完成对新阳洲的并购），前述资金主要为张福赐直接安排代收新阳洲部分客户款项用于偿还其个人的高息债务。截至2015年9月30日，新阳洲对张福赐的其他应收款余额为168,424,045.13元。4．交易标的目前生产经营状况恶化新阳洲的生产经营目前陷于停滞状态、银行贷款出现逾期，经营环境持续恶化。该等情况与中水渔业在《重大资产购买报告书》中披露的“标的资产所在行业市场前景广阔，公司技术、市场和行业把控能力较强；本次交易可以发挥中水渔业和新阳洲的各自优势，实现产业平台、营销渠道和地理布局的互补”等判断存在重大差异。5．中水渔业及相关当事人未及时对前述信息履行信息披露义务根据双方重组协议约定，中水渔业应当在2014年度年报审计时对新阳洲当年的实际盈利数与盈利预测数的差异情况进行审查，聘请具有相关证券业务资格的会计师事务所进行年度审计的同时，由该会计师事务所对新阳洲利润补偿期间各年度当年实现的净利润数与约定的当年度承诺净利润数的差异情况进行专项审核并单独披露，但中水渔业直至2015年10月16日才披露专项审计报告及上述相关信息。","内部通报批评,其他",通报批评,处分类型
奥特迅,深圳证券交易所,电气设备,-,"公司运作,治理违规",未及时披露公司重大事件,内部通报批评,通报批评,处分类型
*ST仁东,深圳证券交易所,非银金融,深圳证券交易所《关于对浙江宏磊铜业股份有限公司及相关当事人给予公开谴责处分的决定书》(2016)148号,"特定重大事项披露违规,公司运作,治理违规","经查明,浙江宏磊铜业股份有限公司(以下简称“公司”)存在以下违规行为: 一,重大资产重组进展的信息披露不真实2015年3月6日,4月4日,4月25日和5月25日,公司分别披露了重大资产重组进展的公告及终止重大资产重组的公告,其中披露自重组预案公告以来,公司组织相关各方积极推进本次重大资产重组工作.经查,自2015年1月以来,公司未就重大资产重组交易事项与相关审计机构签订审计,盈利预测的业务约定书和保密协议,未能提供有效证据表明对重组后续推进方案进行了充分沟通和审慎论证,也未就积极推进本次重大资产重组开展关实质性工作,前述公告中披露的信息与事实严重不符. 二,提前解除融资租赁关系事项的信息披露不真实2015年5月27日,公司在《关于2014年度年报问询函回复的公告》中披露,提前解除与莱茵达国际融资租赁有限公司(以下简称“莱茵达”)租赁关系的原因为正常的融资结构调整.但在2015年8月27日,公司披露2014年3月因未及时支付莱茵达租金而与其发生诉讼,2014年6月,公司被上海市浦东新区人民法院采取强制执行措施,公司6个银行账户和实际控制人戚建萍所持公司股份3,600万股被司法冻结,截至2014年11月28日,公司支付了全部欠款,利息及法院相关执行费用共计4,313.91万元,并与其解除租赁关系. 公司在《关于2014年度年报问询函回复的公告》中披露的提前解除与莱茵达租赁关系的原因与事实不符. 三,未及时披露重大诉讼,主要银行账户被冻结,未清偿到期重大债务等事项2014年7月,公司因未偿还三菱商事(上海)有限公司到期欠款1,105.77万元,与其发生诉讼,公司被上海市浦东新区人民法院采取强制执行措施.截至2015年6月,公司被冻结银行账户共计11个,其中4个为募集资金专用账户,1个为基本账户.截至2015年7月30日,公司支付了全部欠款,利息及法院相关执行费用共计1,190.08万元. 前述重大诉讼,主要银行账户被冻结事项,直至2015年8月27日,公司才在《关于公司重大诉讼事项的公告》中对外披露.2014年7月,公司控股子公司江西宏磊铜业有限公司(以下简称“江西宏磊”)因未偿还中国银行江西鹰潭分行4,892.84万元的到期借款,与其发生诉讼,江西宏磊银行基本账户被冻结.直至2015年5月27日,公司才在《关于2014年度年报问询函回复的公告》中披露.2015年6月,公司因未偿还中国光大银行股份有限公司杭州分行12,287.81万元的到期欠款,与其发生诉讼,占公司2014年12月31日经审计净资产的比例为12.41%. 公司被申请采取财产保全措施,公司实际控制人戚建萍所持公司股份8,042.32万股被轮候司法冻结.前述重大诉讼,未清偿到期重大债务事项,直至2015年8月27日,公司才在《关于公司重大诉讼事项的公告》中披露.2015年6月,公司因未偿还兴业银行股份有限公司绍兴支行(以下简称“兴业银行”)借款利息,被要求提前归还借款本息42,019.00万元,并与兴业银行发生诉讼. 直至2015年8月29日,公司才在《2015年半年度报告》中披露.2014年7月至2015年6月期间,公司发生前述诉讼事项累计金额达20,389.73万元,占公司2014年12月31日经审计净资产的比例为20.60%,公司均未及时履行信息披露义务. 四,违规对外提供财务资助和违规使用募集资金2013年12月18日,公司股东大会审议通过使用1.4亿元闲置募集资金暂时补充流动资金不超过一年.在闲置募集资金暂时补充流动资金期间,公司向浙江神鹰集团诸暨休闲服饰有限公司和诸暨市财务开发公司累计提供财务资助分别为2,550万元和2,000万元.公司在使用闲置募集资金暂时补充流动资金期间违规对外提供财务资助,且该对外提供财务资助事项未履行相应的审议程序和信息披露义务.同时,在公司对外提供财务资助期间,于2014年12月18日,公司股东大会审议通过再次使用闲置募集资金1.4亿元暂时补充流动资金,截至目前尚未归还. 公司在对外提供财务资助期间违规使用募集资金补充流动资金. 五,不配合监管工作,未按要求及时披露重大事项并导致公司股票非正常停牌2015年3月20日和5月8日,本所分别对公司发出关注函和2014年年报问询函,要求公司分别于3月27日和5月12日前向本所报送书面说明材料并对外披露.经多次督促,公司直至6月20日和5月27日才对外披露相关事项.2015年6月5日,本所接到投资者投诉称公司存在银行基本账户被冻结而未如实公告的情形.本所要求公司自查后提交董事会意见并对外披露,公司申请股票于当日开市起停牌.经多次督促,本所于2015年9月2日对公司发出关注函,要求公司于9月8日前提交董事会意见同时对外披露并申请股票复牌. 直至2015年10月21日,公司才对外披露相关事项,并申请公司股票复牌.",公开谴责,公开谴责,"处分类型,处罚案号"
*ST仁东,深圳证券交易所,非银金融,深证上(2016)148号,"特定重大事项披露违规,募集资金管理,使用违规,公司运作,治理违规","未及时披露公司重大事件,拒不配合监管工作,信息披露虚假或严重误导性陈述,财务会计报告违规,违规提供担保及财务资助,违规使用募集资金",公开谴责,公开谴责,处分类型
上海三毛,上海证券交易所(中国证券博物馆),纺织服装Ⅱ,(纪律处分决定书)(2016)17号,"公司运作,治理违规",在信息披露方面存在违规;有关责任人在职责履行方面存在违规;未披露轻纺控股提出调整意见时对重组能否推进具有重大实质影响的意思表示;未明确提示重组调整方案如未获相关方同意可能导致重组终止的重大风险,内部通报批评,通报批评,处分类型
上海三毛,上海证券交易所(中国证券博物馆),纺织服装Ⅱ,(纪律处分决定书)(2016)17号,"公司运作,治理违规",在信息披露方面存在违规;有关责任人在职责履行方面存在违规;未披露轻纺控股提出调整意见时对重组能否推进具有重大实质影响的意思表示;未明确提示重组调整方案如未获相关方同意可能导致重组终止的重大风险,内部通报批评,通报批评,处分类型
中国电建,上海证券交易所,建筑,-,"特定重大事项披露违规,公司运作,治理违规","未及时披露公司重大事件,重大事项未履行审议程序",公开批评,公开批评,处分类型
中国中冶,上海证券交易所,建筑,纪律处分决定书(2016)21号,特定重大事项披露违规,未及时披露公司重大事件,内部通报批评,通报批评,处分类型
三友化工,上海证券交易所,化工,-,特定重大事项披露违规,信息披露虚假或严重误导性陈述,公开批评,公开批评,处分类型
重庆钢铁,上海证券交易所,钢铁Ⅱ,-,特定重大事项披露违规,"关于公司第六届董事会第十七次会议《关于减持三峰靖江港务物流有限责任公司股权的议案》涉及公司转让持有三峰靖江物流41%股权,转让事项完成后公司将实现投资收益3.06亿元,达到《上海证券交易所股票上市规则》中应当披露交易的标准,公司未及时履行信息披露义务.且公司于2012年11月刊登股票交易异常波动公告中,披露了《关于重组方案获重庆市国有资产监督管理委员会批复的公告》,未提及减持三峰靖江物流41%股权事项,公司股票交易异常波动公告披露的内容与事实不符,涉嫌虚假记载.",内部通报批评,通报批评,处分类型
东方锆业,深圳证券交易所,有色金属,-,"公司运作,治理违规",未及时披露公司重大事件,内部通报批评,通报批评,处分类型
*ST天龙,深圳证券交易所,半导体,-,"公司运作,治理违规","天龙光电控股股东常州诺亚科技有限公司于2015年3月4日向天龙光电借款3,500万元，并于2015年3月12日归还了该笔借款。常州诺亚科技有限公司向天龙光电借款行为属于控股股东非经营性占用上市公司资金。","其他,公开谴责",公开谴责,处分类型
*ST天龙,深圳证券交易所,半导体,-,财务类违规,"经查明,江苏华盛天龙光电设备股份有限公司(以下简称“天龙光电”)及相关方当事人存在以下违规行为:天龙光电控股股东常州诺亚科技有限公司于2015年3月4日向天龙光电借款3,500万元,并于2015年3月12日归还了该笔借款.常州诺亚科技有限公司向天龙光电借款行为属于控股股东非经营性占用上市公司资金.天龙光电上述行为违反了本所《创业板股票上市规则(2014年修订)》第1.4条,本所《创业板上市公司规范运作指引(2015年修订)》第2.1.4条,第7.1.5条的相关规定. 天龙光电控股股东常州诺亚科技有限公司的上述行为违反了本所《创业板股票上市规则(2014年修订)》第3.1.7条和本所《创业板上市公司规范运作指引(2015年修订)》第4.2.1条,第4.2.8条,第4.2.9条的相关规定,对天龙光电的违规行为负有重要责任.天龙光电董事周俭,王思远,冯金生未能恪尽职守,履行诚信勤勉义务,违反了本所《创业板股票上市规则(2014年修订)》第1.4条,第3.1.5条和本所《创业板上市公司规范运作指引(2015年修订)》第3.1.2条规定.对天龙光电的违规行为负有重要责任.",公开谴责,公开谴责,处分类型
全新好,深圳证券交易所,可选消费零售,-,"特定重大事项披露违规,公司运作,治理违规",一、未按规定披露2014年度内部控制审计报告；二、未按规定披露相关重大借款事项；三、前期信息披露存在虚假记载、误导性陈述；四、未按规定及时披露重大诉讼事项；五、未按规定及时披露对外提供财务资助事项。相关人员未能恪尽职守、履行诚信勤勉义务，对零七股份上述违规行为负有重要责任。,"其他,公开谴责",公开谴责,处分类型
全新好,深圳证券交易所,可选消费零售,深证上(2016)285号,"特定重大事项披露违规,公司运作,治理违规","未及时披露公司重大事件,信息披露虚假或严重误导性陈述",公开谴责,公开谴责,处分类型
全新好,深圳证券交易所,可选消费零售,深证上(2016)285号,特定重大事项披露违规,"经查明,深圳市零七股份有限公司(已更名为深圳市全新好股份有限公司,以下简称“零七股份”或“公司”)存在以下违规行为: 一,未按规定披露2014年度内部控制审计报告根据《关于2012年主板上市公司分类分批实施企业内部控制规范体系的通知》(财办会[2012]30号)的规定,自2014年年报开始,主板上市公司应当按照《企业内部控制基本规范》及证监会《公开发行证券的公司信息披露编报规则第21号—年度内部控制评价报告的一般规定》的要求,在披露年度报告的同时披露董事会出具的内部控制自我评价报告和会计师事务所出具的内部控制审计报告.但是,零七股份未能在披露其2014年年报的同时披露其内部控制审计报告. 二,未按规定披露相关重大借款事项(一)2014年5月5日,零七股份与王梅春,佟建亮,王坚签订《借款合同》(编号:J20140505).合同约定,零七股份向王梅春,佟建亮,王坚借款人民币2800万元,借款期限30天,约定借款费用126万元.零七股份原实际控制人,时任董事长练卫飞对上述借款本金,利息,逾期利息,担保服务费,违约金,诉讼费,律师费等债权人实现债权的一切费用承担连带责任保证担保,签订借款合同的同时,零七股份和练卫飞出具了《承诺书》和《借据》.《借款合同》指定零七股份光大银行账户和深圳市大中非投资有限公司(以下简称“大中非投资”)中信银行账户为收款账户. (二)2014年5月6日,零七股份与王梅春,佟建亮签订《借款合同》(编号:J20140506).合同约定,零七股份向王梅春,佟建亮,王坚借款人民币3000万元,借款期限45天,约定借款费用225万元.练卫飞对上述借款本金,利息,逾期利息,担保服务费,违约金,诉讼费,律师费等债权人实现债权的一切费用承担连带责任保证担保,签订借款合同的同时,零七股份和练卫飞出具了《承诺书》和《借据》.《借款合同》指定零七股份光大银行账户和大中非投资中信银行账户为收款账户. (三)2014年5月9日,零七股份与王梅春,佟建亮签订《借款合同》(编号:J20140509).合同约定,零七股份向王梅春,佟建亮,王坚借款人民币1500万元,借款期限25天,约定借款费用82.5万元.练卫飞对上述借款本金,利息,逾期利息,担保服务费,违约金,诉讼费,律师费等债权人实现债权的一切费用承担连带责任保证担保,签订借款合同的同时,零七股份和练卫飞出具了《承诺书》和《借据》.《借款合同》指定大中非投资中信银行账户为收款账户. 上述借款本金合计约7300万元,占零七股份2013年经审计总资产的21.04%;涉及财务费用约433.5万元,占零七股份2013年经审计归属母公司股东的净利润的绝对值的18.63%,零七股份应当及时履行临时信息披露义务,但其未能按规定披露该等重大借款事项. 三,前期信息披露存在虚假记载,误导性陈述根据证监会《行政处罚决定书》([2015]91号)显示,大中非投资在前述借款发生期间内受练卫飞实际控制.而根据零七股份于2015年3月12日披露的《关于与深圳市大中非投资有限公司资金往来的公告》,其中明确显示:“2014年,公司与非关联方大中非投资因历史关系的原因及双方互相支持解决临时资金困难的需求,双方存在临时资金往来,公司财务部门对相关业务在‘其他应收款’科目中进行核算.”同时,零七股份在历次回复本所关于其与大中非投资资金往来相关问题的问询中,均声称与大中非投资不存在关联关系. 因此,零七股份2015年3月12日披露的关于其于大中非投资资金往来的信息存在虚假记载及误导性陈述情形. 四,未按规定及时披露重大诉讼事项(一)2012年1月15日,2月16日,零七股份控股子公司深圳市广众投资有限公司(以下简称“广众投资”)与天津市宏远钛铁有限公司(以下简称“宏远钛铁”)签订《工矿产品购销合同》(合同编号:GZTZ-2012-Ti-0115,GZTZ-2012-Ti-0216). 依据合同约定,宏远钛铁于2012年1月4日至2月27日支付广众投资合计3000万元定金,但广众投资未能按照合同约定向宏远钛铁供货.2013年1月15日,1月16日,天津鑫宇隆矿产品有限公司(以下简称“天津鑫宇隆”)与广众投资签订《工矿产品购销合同》(合同编号:GZXYL-2013-Ti-0115,GZXYL-2013-Ti-0116).2013年1月22日,宏远钛铁向广众投资出具委托书,明确宏远钛铁对外采购钛铁业务由天津鑫宇隆负责,并将其支付给广众投资的定金合计2262.74万元转为天津鑫宇隆. 当日,宏远钛铁,天津鑫宇隆,广众投资三方签订《合同定金转让确认书》,确认广众投资与宏远钛铁签订GZTZ-2012-Ti-0115号《工矿产品购销合同》结余定金1000万元转为GZXYL-2013-Ti-0115《工矿产品购销合同》的定金,GZTZ-2012-Ti-0216号《工矿产品购销合同》结余定金1262.74万元转为GZXYL-2013-Ti-0116号《工矿产品购销合同》的定金,广众投资与宏远钛铁签订的GZTZ-2012-Ti-0115,GZTZ-2012-Ti-0216号《工矿产品购销合同》终止执行.2013年1月16日,天津鑫宇隆与广众投资签订一份《补充协议》约定,若2014年3月底广众投资仍未发货,则双方解除合同,广众投资除双倍退还天津鑫宇隆定金外,还需按退还金额同期银行贷款利率上浮20%计算2年(730天)利息给天津鑫宇隆作为资金占用补偿.2013年1月17日,练卫飞与天津鑫宇隆签订《保证合同》,承诺为广众投资在上述两个《工矿产品购销合同》和《补充协议》中的义务承担连带保证责任,保证范围为广众投资违约后应承担的2262.74万元定金的双倍返还义务,逾期赔偿金以及诉讼费,律师费等债权人实现债权的一切费用.2014年11月17日,天津鑫宇隆因广众投资未履行供货义务,练卫飞未履行担保责任,向天津市高级人民法院提起诉讼并采取诉前保全的措施,请求判令广众投资双倍返还定金4525.48万元,并自2012年4月1日起至实际给付之日止按中国人民银行同期贷款利率上浮20%支付资金占用赔偿金951.98万元,判令练卫飞对上述债务承担连带清偿责任. 天津市高级人民法院受理此案,案号为(2014)津高民二初字第63号,并向广众投资送达了起诉状,应诉通知书等法律文书,广众投资于2014年12月3日签收上述法律文书. (二)天津鑫宇隆称于2014年4月9日支付广众投资货款1425.99万元,2014年7月18日广众投资返还天津鑫宇隆425.99万元,剩余1000万元欠款转为借款,同时天津鑫宇隆与广众投资,练卫飞签订还款协议书,约定由广众投资在2014年8月20日前归还该笔款项,并由练卫飞承担保证责任.天津鑫宇隆因广众投资一直未归还该笔款项,练卫飞亦未承担保证责任,于2014年11月17日向天津市第二中级人民法院提起诉讼并采取诉前保全的措施,要求广众投资返还1000万元借款本金,并按中国人民银行同期贷款利率的四倍支付利息147.33万元. 天津市第二中级人民法院受理此案,案号为(2014)二中民二初字第606号.广众投资于2014年12月23日向天津市第二中级人民法院提出管辖异议.上述重大诉讼金额合计约6624.79万元,占公司2013年经审计净资产19.09%,应当及时履行信息披露义务,但是零七股份直至2015年2月16日,因广众投资相关银行账户和资金被查封冻结,发布《关于公司子公司银行账户被查封的核查情况公告》,才披露了上述诉讼事项. 五,未按规定及时披露对外提供财务资助事项2015年1月5日,零七股份通过全资子公司深圳市广博投资有限公司向深圳市恒大供应链有限公司(以下简称“恒大供应链”),深圳市摩尔泰贸易有限公司(以下简称“摩尔泰”)分别提供周转资金4720万元,2000万元,合计占公司2014年经审计净资产的18.93%,构成对外提供财务资助行为,但未履行相应的审批程序,同时也未履行相应的临时信息披露义务.直至2015年11月24日,零七股份发布的《关于深圳证券交易所问询函回复的公告》(公告编号:2015-113)中才披露上述对外财务资助事项.零七股份原实际控制人,时任董事长练卫飞存在以下违规行为: 1,练卫飞及其控制的广州博融投资有限公司(以下简称“广州博融”)分别于2015年4月21日,5月6日,5月7日,5月27日,陆续与深圳市东方财智资产管理有限公司(以下简称“东方财智”),冯彪签订《股票代持协议》,《合作框架协议书》,《合作框架协议书》的《补充协议》,《关于深圳市零七股份有限公司借壳重组及融资合作协议书》等协议,约定练卫飞,广州博融通过大宗交易系统将不少于2800万股公司股票转让给东方财智,并由东方财智代为持有以及相关后续处置分配等内容;2015年6月30日,练卫飞与东方财智签订《深圳市源亨信投资有限公司股权转让合同》,约定将深圳市源亨信投资有限公司(以下简称“源亨信”)100%股权转让给东方财智,由于源亨信直接持有广州博融97.22%股权,而广州博融持有公司15.17%股权,因此,该股权转让合同的签署可能涉及零七股份实际控制权的变化. 练卫飞签署的上述协议可能导致其控制公司的情况发生较大变化,应当及时履行临时信息披露义务.但是,其未能及时通知零七股份,并履行相应信息披露义务,直至2015年12月9日,12月18日,12月28日,在关于回复本所监管关注及问询相关函件的公告中才披露了相关事项.2,练卫飞所持公司2500万股股票存在以下四轮次轮候查封事项: (1)被广东省广州市中级人民法院(案号:广东省广州市中级人民法院2014穗中法执字第646号)轮候查封,轮候期限为自2014年3月10日起24个月; (2)被广东省广州市中级人民法院(案号:广东省广州市中级人民法院2015穗中法执字第1121号)轮候查封,轮候期限为自2015年3月3日起36个月; (3)被广东省广州市海珠区人民法院(案号:广东省广州市海珠区人民法院2015穗海法民二初字第1586号)轮候查封,轮候期限为自2015年5月25日起36个月; (4)被广东省广州市中级人民法院(案号:广东省广州市中级人民法院2015穗中法民四初字第79号)轮候查封,轮候期限为自2015年5月27日起24个月.练卫飞控制的广州博融持有公司股票存在以下两轮次轮候查封事项: (1)被广东省广州市中级人民法院(案号:广东省广州市中级人民法院2015穗中法民四初字第79号)轮候查封3100.6226万股,轮候期限为自2015年5月27日起24个月; (2)江苏省苏州市中级人民法院(案号:江苏省苏州市中级人民法院2015苏中诉保字第00023号)轮候查封3100万股,轮候期限为自2015年7月7日起36个月.练卫飞未能及时通知零七股份,并履行相应信息披露义务,直至2015年12月28日在其回复本所问询函相关公告中才披露了相关事项.零七股份的上述行为违反了本所《股票上市规则(2012年修订)》第2.1条,第9.2条,第11.1.2条第(二)项和《股票上市规则(2014年修订)》第1.4条,第2.1条,第11.1.1条以及本所《主板上市公司规范运作指引》第7.4.3条,第7.4.4条的规定. 零七股份原实际控制人练卫飞,作为公司时任董事长,法定代表人,其利用职务之便直接安排了前述公司重大借款,对外提供财务资助等事项,知悉公司相关信息披露存在重大遗漏和误导性陈述情况,以及公司相关重大诉讼事项,未按规定及时通知或者督促公司履行信息披露义务,其相关行为违反了本所《股票上市规则(2012年修订)》第1.4条,第2.3条,第3.1.5条和《股票上市规则(2014年修订)》第1.4条,第2.3条,第3.1.5条以及本所《主板上市公司规范运作指引(2015年修订)》第4.1.6条,第4.2.2条,第4.2.3条和第4.2.11条的相关规定,对公司上述违规行为负有主要责任. 同时,练卫飞因接受媒体采访时回答问题不审慎,含有误导信息导致公司股价异常波动,公司违规对外提供财务资助等事项,分别于2012年1月18日,2013年9月4日以及2015年3月19日被本所给予通报批评的处分;因公司定期报告存在误导性陈述,未及时对所持股份被司法冻结履行披露义务和未配合监管义务,于2014年8月26日被本所给予公开谴责的处分.因此,鉴于练卫飞在相关违规事项中的责任和屡错屡犯对市场造成的严重恶劣影响,应对其予以从严从重处理.","公开谴责,内部通报批评","公开谴责,通报批评","处分类型,违规行为"
协鑫能科,深圳证券交易所,公用事业Ⅱ,-,"特定重大事项披露违规,公司运作,治理违规",存在关联交易未及时履行必要的决策程序和信息披露义务;向交易所提交的书面说明中明确否认与江阴市新南洋纺织科技有限公司存在关联关系，没有如实答复问询,"监管关注,公开谴责",公开谴责,处分类型
ST八菱,深圳证券交易所,汽车与零配件,-,"特定重大事项披露违规,公司运作,治理违规",八菱科技在嘉实资本就设立并购基金事项提出异议的情况下，没有及时披露该事项的重大进展，且继续于10月16日召开股东大会审议了相关事项；八菱科技11月30日披露的《股票交易异常波动公告》不真实，12月18日披露的《关于深圳证券交易所问询函回复的公告》不真实、不完整。,公开谴责,公开谴责,处分类型
ST八菱,深圳证券交易所,汽车与零配件,深证上(2016)305号,"公司运作,治理违规",未及时披露嘉实资本对设立并购基金提出异议的重大进展；在股票交易异常波动公告中未真实披露相关事项；在增资及对外投资公告中未真实、完整披露信息。,公开谴责,公开谴责,处分类型
荃银高科,深圳证券交易所,食品饮料,-,"公司运作,治理违规",违规事实及情节,"内部通报批评,其他",通报批评,处分类型
荃银高科,深圳证券交易所,食品饮料,-,"特定重大事项披露违规,股票交易类违规","经查明,重庆中新融泽投资中心(有限合伙)(以下简称“中新融泽”),西藏中新睿银投资管理有限公司(以下简“中新睿银”),重庆中新融鑫投资中心(有限合伙)(以下简称“中新融鑫”)存在以下违规行为:2016年1月13日至2016年2月26日,中新睿银,中新融鑫通过本所证券交易系统以集中竞价方式方式累计增持安徽荃银高科种业股份有限公司(以下简称“荃银高科”)股份27,590,628股,占荃银高科总股本的8.71%. 在买入荃银高科股份达到5%时,中新融泽,中新睿银,中新融鑫作为一致行动人没有及时向中国证券监督管理委员会和本所提交书面报告并披露权益变动报告书,在履行报告和披露义务前没有停止买入荃银高科股份,违反了《证券法》第八十六条和《上市公司收购管理办法》第十三条的规定.中新融泽,中新睿银,中新融鑫的上述行为违反了《创业板股票上市规则(2014年修订)》第1.4条,第2.1条,第11.8.1条和《创业板上市公司规范运作指引(2015年修订)》第4.1.2条的规定.",内部通报批评,通报批评,处分类型
昊华能源,上海证券交易所,煤炭Ⅱ,(2016)27号,"公司运作,治理违规",京煤集团通过京城国际持有京东方能源30%股份，违反了避免同业竞争的承诺,内部通报批评,通报批评,处分类型
荃银高科,深圳证券交易所,食品饮料,-,"特定重大事项披露违规,股票交易类违规","经查明,重庆中新融泽投资中心(有限合伙)(以下简称“中新融泽”),西藏中新睿银投资管理有限公司(以下简“中新睿银”),重庆中新融鑫投资中心(有限合伙)(以下简称“中新融鑫”)存在以下违规行为:2016年1月13日至2016年2月26日,中新睿银,中新融鑫通过本所证券交易系统以集中竞价方式方式累计增持安徽荃银高科种业股份有限公司(以下简称“荃银高科”)股份27,590,628股,占荃银高科总股本的8.71%. 在买入荃银高科股份达到5%时,中新融泽,中新睿银,中新融鑫作为一致行动人没有及时向中国证券监督管理委员会和本所提交书面报告并披露权益变动报告书,在履行报告和披露义务前没有停止买入荃银高科股份,违反了《证券法》第八十六条和《上市公司收购管理办法》第十三条的规定.中新融泽,中新睿银,中新融鑫的上述行为违反了《创业板股票上市规则(2014年修订)》第1.4条,第2.1条,第11.8.1条和《创业板上市公司规范运作指引(2015年修订)》第4.1.2条的规定.",内部通报批评,通报批评,处分类型
开创国际,上海证券交易所,食品饮料,-,特定重大事项披露违规,"经查明,2015年1月26日-6月1日,华立集团股份有限公司(以下简称“华立集团”)通过上海证券交易所(以下简称“本所”)集中竞价交易系统减持上海开创国际海洋资源股份有限公司(以下简称“开创国际”或“公司”)股份合计14,217,823股,占开创国际已发行股份的7.02%.减持后,华立集团持有公司的股份由16.446%变为9.426%.华立集团在减持开创国际股份达到其已发行股份的5%时,未按照规定停止交易并履行权益变动的信息披露义务,并致违规减持的股份达到开创国际已发行股份的2.02%,数量较大.",内部通报批评,通报批评,处分类型
南京新百,上海证券交易所,医疗设备与服务,-,"股票交易类违规,超比例减持","经查明,你公司于2011年12月29日通过上海证券交易所(以下简称“本所”)大宗交易系统减持南京新百股票1460万股,占南京新百总股份的4.07%.2013年2月5日,你公司又通过本所大宗交易系统减持南京新百股份1750万股,占南京新百总股份的4.88%.你公司在减持南京新百股份累计达到其总股本5%时,未按照《证券法》第86条和《上市公司收购管理办法》第13条等相关规定,及时停止买卖.你公司的上述行为违反了《上海证券交易所股票上市规则》(以下简称“《股票上市规则》”)第3.1.6条的规定,违规交易的股份比例较高,情节较为严重.",内部通报批评,通报批评,处分类型
上海三毛,上海证券交易所,纺织服装Ⅱ,-,"公司运作,治理违规","经查明,上海三毛企业(集团)股份有限公司(以下简称“公司”)存在以下违规行为:2013年1月26日,公司全资子公司上海三毛进出口有限公司(以下简称“三进公司”)的供应商上海美梭羊绒纺织品有限公司(以下简称“美梭公司”)法定代表人因涉嫌骗取出口退税被公安机关刑事拘留,3月5日被上海市检察院一分院批准逮捕.1月28日起,三进公司陆续发生日本泷兵,八木,岛村3家公司应收账款逾期.截至3月21日,这3家公司共有1675万美元(约合人民币1.06亿元)货款逾期.上述3家日本公司均由美梭公司介绍给三进公司,采购的是美梭公司的羊绒产品. 税务机关因此案暂停了三进公司的出口退税业务,对三进公司的业务造成重大影响.三进公司2011年的营业收入180419.16万元,占公司2011年营业收入的73.18%.对于上述重大事项,公司未及时予以披露,直至2013年3月22日公司才公告了上述事项;且公司未及时充分披露该事项对公司经营业绩的影响情况,并直至2013年4月3日公司才发布预亏公告,称“鉴于发生影响2012年度财务报表数据的重大期后事项,经公司财务部门初步测算,预计本公司2012年度经营业绩将出现亏损,实现归属于上市公司股东的净利润约为-4700万元左右”. 公司上述行为违反了《上海证券交易所股票上市规则》(以下简称“《股票上市规则》”)第2.1条和第11.12.2条等有关规定.公司董事长张文卿,总经理韩家红,董事会秘书沈磊,财务总监朱建忠未勤勉尽责,对公司的违规行为负有相应的责任,其行为违反了《股票上市规则》第2.2条,第3.1.4条,第3.1.5条,第3.2.2条的规定以及在《董事(监事,高级管理人员)声明及承诺书》中做出的承诺.",内部通报批评,通报批评,处分类型
抚顺特钢,上海证券交易所,钢铁Ⅱ,-,特定重大事项披露违规,"经查明,抚顺特殊钢股份有限公司(以下简称“公司”或“抚顺特钢”)第一大股东东北特殊钢集团有限责任公司(以下简称“东北特钢集团”)于2015年4月27日至2015年5月7日,通过上海证券交易所(以下简称“本所”)交易系统卖出无限售条件流通股31,863,200股,占抚顺特钢已发行股份的6.13%.东北特钢集团在减持抚顺特钢股份达到其已发行股份的5%时,未按《证券法》第八十六条和《上市公司收购管理办法》第十三条的规定停止卖出行为并对外披露.",内部通报批评,通报批评,处分类型
北汽蓝谷,上海证券交易所,汽车与零配件,上海证券交易所纪律处分决定书(2015)48号,"特定重大事项披露违规,交易/关联交易违规","2010年12月,五洲证券有限公司破产清算组以公司虚假出资为由向洛阳市中级人民法院提起诉讼,涉诉金额为8700万元,占公司2009年经审计净资产的近33%,但公司未及时予以披露.该案件随着诉讼进程的推进和时间的推移,涉诉金额已累计高达17400万元,占公司2014年经审计净资产的56.40%,公司直至2015年7月28日才对该诉讼进行披露,公司信息披露严重滞后.2015年5月29日和2015年6月4日,公司控股子公司下属北京标准前锋商贸有限公司成都分公司两次以存单质押的方式为他人提供担保,总金额合计为4600万元,占公司前一年末净资产的14.9%. 公司对上述对外担保未按规定履行相关决策程序,也未及时进行披露,直至2015年7月17日才予以公告.",内部通报批评,通报批评,处分类型
海航科技,上海证券交易所,硬件设备,通报批评(2014)32号,"公司运作,治理违规","经查明,天津市海运股份有限公司(以下简称“天津海运”或“公司”)在2014年1月30日披露2013年度业绩预减公告称,“经财务部门初步测算,预计2013年度实现归属于上市公司股东的净利润与上年同期相比将减少97.20%-99.07%”(上年同期净利润为32174.96万元).2014年4月30日,公司发布2013年年报,经审计,公司2013年年度实现归属于上市公司股东的净利润为-13023.93万元.据此,公司业绩预告存在盈亏性质错误,不谨慎,不准确. 根据查明事实,发生本次业绩预告违规的主要原因是,公司(全权代表大新华物流)于2012年12月7日与天津滨海新城建设发展有限公司(以下简称“新城公司”)等签署《天津市土地整理储备项目补偿合同》约定,新城公司应分3笔向公司支付补偿款34397.46万元.后新城公司按约支付了前两笔补偿款,但未能于约定的2013年11月1日前支付第三笔补偿款14,397.46万元.公司在发布2013年度业绩预告时,预计土地收储合同项下剩余债权能够在2013年年报披露前收回,因此未对前述债权计提坏账准备. 但直至年报披露,新城公司未能及时付款,因此公司根据年审会计师意见于2013年度对上述14,397.46万元应收款项计提全额坏账准备,致使公司2013年业绩与预告业绩发生盈亏性质错误.公司上述行为违反了《上海证券交易所股票上市规则》(以下简称“《股票上市规则》”)第2.1条,第2.6条等有关规定.虽然发生业绩预告错误存在一定的原因,但公司在披露2013年度业绩预告时应可预计到上述剩余补偿款有不能收回的风险,且可将相关不确定性予以披露,但公司并未充分预计风险,也未提前揭示不确定性,导致公司业绩预告最终出现盈亏性质错误. 时任董事长黄玕,时任总经理陈雪峰,时任独立董事兼董事会审计委员会召集人黄宇,时任财务总监王德一和时任董事会秘书张延波未勤勉尽责,对公司的违规行为负有相应责任,违反了《股票上市规则》第2.2条,第3.1.4条,第3.1.5条,第3.2.2条的规定以及在《董事(监事,高级管理人员)声明及承诺书》中做出的承诺.",内部通报批评,通报批评,"处分类型,处罚案号"
安泰集团,上海证券交易所,煤炭Ⅱ,-,特定重大事项披露违规,"一,公司与关联方发生巨额非经营性资金往来2014年度,公司在无真实交易背景的情况下,先向供应商支付用于采购原材料铁矿粉和精煤的预付款,后由关联方控股股东下属子公司山西新泰钢铁有限公司(以下简称“新泰钢铁”)从上述供应商处拆借资金,发生巨额非经营性资金往来.根据立信会计师事务所出具的《关于山西安泰集团股份有限公司2014年度非经营性资金占用及其他关联资金往来情况汇总表》,公司与新泰钢铁等关联方2014年度累计发生的非经营性资金占用金额为73.45亿元,占2014年末公司净资产的489%;截至2014年12月31日仍被占用的资金为17.69亿元,占公司2014年经审计净资产的118%. 公司与关联方非经营性资金往来金额巨大,严重违反了中国证监会《关于规范上市公司与关联方资金往来及上市公司对外担保若干问题的通知》的有关规定. 二,公司关联交易应收账款重大逾期未及时公告由于经营情况欠佳,新泰钢铁未能按照公司与其签订的日常关联交易协议的约定,在下一季度末前将上季度的应付款项支付给公司.截至2014年12月31日,新泰钢铁累计应付公司及关联方日常关联交易价款共计18.19亿元,其中逾期支付的款项达12.55亿元,占2014年末公司净资产的84%,金额巨大.但公司在新泰钢铁未能按期支付货款的前提下,仍向其销售货物,且未及时披露前述货款重大逾期事项. 因上述两项事项,立信会计师事务所(特殊普通合伙)对公司2014年度财务报告出具了带强调事项段的非标准无保留意见,认为公司应收关联方款项金额较大,款项能否收回的结果具有不确定性;同时,对公司2014年度内部控制出具否定意见,认为公司未能按照《企业内部控制基本规范》和相关规定在所有重大方面保持有效的财务报告内部控制.","公开谴责,要求提交书面承诺,内部通报批评","公开谴责,通报批评",处分类型
安泰集团,上海证券交易所,煤炭Ⅱ,-,特定重大事项披露违规,"一,公司与关联方发生巨额非经营性资金往来2014年度,公司在无真实交易背景的情况下,先向供应商支付用于采购原材料铁矿粉和精煤的预付款,后由关联方控股股东下属子公司山西新泰钢铁有限公司(以下简称“新泰钢铁”)从上述供应商处拆借资金,发生巨额非经营性资金往来.根据立信会计师事务所出具的《关于山西安泰集团股份有限公司2014年度非经营性资金占用及其他关联资金往来情况汇总表》,公司与新泰钢铁等关联方2014年度累计发生的非经营性资金占用金额为73.45亿元,占2014年末公司净资产的489%;截至2014年12月31日仍被占用的资金为17.69亿元,占公司2014年经审计净资产的118%. 公司与关联方非经营性资金往来金额巨大,严重违反了中国证监会《关于规范上市公司与关联方资金往来及上市公司对外担保若干问题的通知》的有关规定. 二,公司关联交易应收账款重大逾期未及时公告由于经营情况欠佳,新泰钢铁未能按照公司与其签订的日常关联交易协议的约定,在下一季度末前将上季度的应付款项支付给公司.截至2014年12月31日,新泰钢铁累计应付公司及关联方日常关联交易价款共计18.19亿元,其中逾期支付的款项达12.55亿元,占2014年末公司净资产的84%,金额巨大.但公司在新泰钢铁未能按期支付货款的前提下,仍向其销售货物,且未及时披露前述货款重大逾期事项. 因上述两项事项,立信会计师事务所(特殊普通合伙)对公司2014年度财务报告出具了带强调事项段的非标准无保留意见,认为公司应收关联方款项金额较大,款项能否收回的结果具有不确定性;同时,对公司2014年度内部控制出具否定意见,认为公司未能按照《企业内部控制基本规范》和相关规定在所有重大方面保持有效的财务报告内部控制.","公开谴责,要求提交书面承诺,内部通报批评","公开谴责,通报批评",处分类型
五洲交通,上海证券交易所,交通运输,(2014)34号,特定重大事项披露违规,"经查明,广西五洲交通股份有限公司(以下简称“公司”)子公司广西五洲国通投资有限公司(以下简称“国通公司”)于2013年5月23日至2013年6月6日期间,累计向广西成源矿冶有限公司(以下简称“成源公司”)支付7.55亿元,用于缴纳竞买南星梯业有限公司产权交易保证金,价款和为其偿还借款;国通公司于2012年10月至2013年10月期间,累计与尚无生产能力的广西堂汉锌铟股份有限公司(以下简称“堂汉公司”)签订贸易加工合同并支付预付款,导致公司3.24亿元资金被对方占用.公司向上述对象的拆借资金合计10.79亿元,占公司2012年审计净资产的38.19%. 公司未主动对上述事项履行信息披露义务,未按照公司章程履行相应审议程序.由于上述拆借资金无法收回,国通公司转而通过收购成源公司下属南星梯业有限公司股权和通过以债权出资认购堂汉公司增发股份形式解决违规拆借资金问题,而成源公司和堂汉公司的生产经营尚未恢复正常.公司上述资金拆借行为涉及金额巨大,性质严重,违反了《上海证券交易所股票上市规则》(以下简称“《股票上市规则》”)第2.1条,第9.2条等有关规定. 经核实,时任董事副总经理兼董事会秘书王权,时任外部董事王强,梁君,季晓泉,孟杰,姜岩飞,时任独立董事邓远志,陈潮,张忠国,董威,时任非相关业务副总经理徐德,对违规事项参与程度较轻,履职便利性不及其他董事,高管,但未能勤勉尽责,对公司发生重大违规疏于察觉防范,对公司的重大违规行为亦负有一定责任,其行为违反了《股票上市规则》第2.2条,第3.1.4条,第3.1.5条,第3.2.2条的规定以及在《董事(监事,高级管理人员)声明及承诺书》中做出的承诺.",公开谴责,公开谴责,处分类型
柳化股份,上海证券交易所,化工,-,特定重大事项披露违规,"经查明,柳州化工股份有限公司(以下简称“柳化股份”)与关联方在2014年3月12日至12月31日期间,未遵守中国证监会《关于规范上市公司与关联方资金往来及上市公司对外担保若干问题的通知》的有关规定,在无交易背景情况下,发生大量非经营性资金往来. 其中,柳化股份及控股子公司柳州市柳化复混肥料有限公司,湖南中成化工有限公司,东莞振华泰丰实业发展有限公司,向公司直接控股股东柳州化学工业集团有限公司及其子公司广东中成化工股份有限公司,湖南桂成化工有限公司,向公司间接控股股东广西柳州化工控股有限公司及其子公司湖南智成化工有限公司,广西柳州氯碱有限公司先后共提供非经营性资金55笔,总计90705.1万元,单日累计最高占用余额为2.09亿元,2014年末公司收回全部被占用资金,并收取资金占用费755.18万元. 因上述违规事项,大信会计师事务所(特殊普通合伙)对公司2014年度内部控制出具否定意见,认为公司未能按照《企业内部控制基本规范》和相关规定在所有重大方面保持有效的财务报告内部控制.柳化股份及其控股子公司与直接控股股东柳州化学工业集团有限公司及子公司,以及与间接控股股东广西柳州化工控股有限公司及子公司的以上非经营性资金往来行为,发生频繁,数额巨大,违反了《上海证券交易所股票上市规则》(以下简称“《股票上市规则》”)第1.4条,第2.1条等有关规定. 公司董事长覃永强,总经理袁志刚,财务总监黄吉忠,董事会秘书龙立萍未能勤勉尽责,对公司的违规行为负有相应责任,违反了《股票上市规则》第2.2条,第3.1.4条,第3.1.5条,第3.2.2条的规定及其在《董事(监事,高级管理人员)声明及承诺书》中做出的承诺.",内部通报批评,通报批评,处分类型
柳化股份,上海证券交易所,化工,-,特定重大事项披露违规,"经查明,柳州化工股份有限公司(以下简称“柳化股份”)与关联方在2014年3月12日至12月31日期间,未遵守中国证监会《关于规范上市公司与关联方资金往来及上市公司对外担保若干问题的通知》的有关规定,在无交易背景情况下,发生大量非经营性资金往来. 其中,柳化股份及控股子公司柳州市柳化复混肥料有限公司,湖南中成化工有限公司,东莞振华泰丰实业发展有限公司,向公司直接控股股东柳州化学工业集团有限公司及其子公司广东中成化工股份有限公司,湖南桂成化工有限公司,向公司间接控股股东广西柳州化工控股有限公司及其子公司湖南智成化工有限公司,广西柳州氯碱有限公司先后共提供非经营性资金55笔,总计90705.1万元,单日累计最高占用余额为2.09亿元,2014年末公司收回全部被占用资金,并收取资金占用费755.18万元. 因上述违规事项,大信会计师事务所(特殊普通合伙)对公司2014年度内部控制出具否定意见,认为公司未能按照《企业内部控制基本规范》和相关规定在所有重大方面保持有效的财务报告内部控制.柳化股份及其控股子公司与直接控股股东柳州化学工业集团有限公司及子公司,以及与间接控股股东广西柳州化工控股有限公司及子公司的以上非经营性资金往来行为,发生频繁,数额巨大,违反了《上海证券交易所股票上市规则》(以下简称“《股票上市规则》”)第1.4条,第2.1条等有关规定. 公司董事长覃永强,总经理袁志刚,财务总监黄吉忠,董事会秘书龙立萍未能勤勉尽责,对公司的违规行为负有相应责任,违反了《股票上市规则》第2.2条,第3.1.4条,第3.1.5条,第3.2.2条的规定及其在《董事(监事,高级管理人员)声明及承诺书》中做出的承诺.",内部通报批评,通报批评,处分类型
柳化股份,上海证券交易所,化工,-,特定重大事项披露违规,"经查明,柳州化工股份有限公司(以下简称“柳化股份”)与关联方在2014年3月12日至12月31日期间,未遵守中国证监会《关于规范上市公司与关联方资金往来及上市公司对外担保若干问题的通知》的有关规定,在无交易背景情况下,发生大量非经营性资金往来. 其中,柳化股份及控股子公司柳州市柳化复混肥料有限公司,湖南中成化工有限公司,东莞振华泰丰实业发展有限公司,向公司直接控股股东柳州化学工业集团有限公司及其子公司广东中成化工股份有限公司,湖南桂成化工有限公司,向公司间接控股股东广西柳州化工控股有限公司及其子公司湖南智成化工有限公司,广西柳州氯碱有限公司先后共提供非经营性资金55笔,总计90705.1万元,单日累计最高占用余额为2.09亿元,2014年末公司收回全部被占用资金,并收取资金占用费755.18万元. 因上述违规事项,大信会计师事务所(特殊普通合伙)对公司2014年度内部控制出具否定意见,认为公司未能按照《企业内部控制基本规范》和相关规定在所有重大方面保持有效的财务报告内部控制.柳化股份及其控股子公司与直接控股股东柳州化学工业集团有限公司及子公司,以及与间接控股股东广西柳州化工控股有限公司及子公司的以上非经营性资金往来行为,发生频繁,数额巨大,违反了《上海证券交易所股票上市规则》(以下简称“《股票上市规则》”)第1.4条,第2.1条等有关规定. 公司董事长覃永强,总经理袁志刚,财务总监黄吉忠,董事会秘书龙立萍未能勤勉尽责,对公司的违规行为负有相应责任,违反了《股票上市规则》第2.2条,第3.1.4条,第3.1.5条,第3.2.2条的规定及其在《董事(监事,高级管理人员)声明及承诺书》中做出的承诺.",内部通报批评,通报批评,处分类型
国机通用,上海证券交易所,机械,-,业绩预告(快报)公告违规,"经查明,2013年1月31日,安徽国通高新管业股份有限公司(以下简称“国通管业”或“公司”)披露2012年度业绩公告,称“根据公司2012年的经营情况,经公司财务部门初步测算,2012年度经营业绩与上年同期相比,预计将实现扭亏为盈,全年实现归属于上市公司股东的净利润约为300万元到500万元.”但2013年3月26日公司披露:“经注册会计师预审计,预计公司2012年度归属于上市公司股东的净利润为负”.公司未能谨慎预计年度业绩,信息披露前后不一致.公司的上述行为违反了《上海证券交易所股票上市规则》(以下简称“《股票上市规则》”)第2.1条,第2.6条等有关规定. 公司董事长兼董秘钱俊,董事总经理窦万波,财务总监徐盛富和独立董事兼审计委员会主任李晓玲未勤勉尽责,对公司的违规行为负有相应的责任,其行为违反了《股票上市规则》第2.2条,第3.1.4条,第3.1.5条,第3.2.2条的规定以及在《董事(监事,高级管理人员)声明及承诺书》中做出的承诺.",内部通报批评,通报批评,处分类型
*ST岩石,上海证券交易所,食品饮料,纪律处分决定书(2016)28号,"公司运作,治理违规",业绩预测结果不准确或不及时,内部通报批评,通报批评,处分类型
林海股份,上海证券交易所,汽车与零配件,(2016)32号,特定重大事项披露违规,"一,公司及控股股东未审慎办理重组停牌事项,导致公司股票长期停牌2015年4月15日,公司以拟筹划重大事项为由申请股票停牌.4月29日,公司披露进入重大资产重组停牌(以下简称本次重组)程序.停牌届满5个月后,公司于2015年9月29日发布重组继续停牌公告,称因主要标的公司需进行企业改制,部分资产需挂牌转让,公司申请继续停牌.12月17日,公司披露重组预案;12月31日,公司股票复牌交易. 经核实,根据公司重组方案,本次重组中需要进行企业改制的标的资产为公司控股股东福马集团的全资子公司江苏林海动力机械集团公司(以下简称林海集团),需要进行资产挂牌转让的公司则为林海集团子公司泰州雅马哈动力有限公司(以下简称泰州雅马哈).公司与控股股东福马集团理应对林海集团改制和泰州雅马哈资产转让事项有充分了解,并就该等事项对公司重组的影响及早作出审慎判断.但公司及控股股东未能审慎决策,在相关事项存在重大不确定性,可能对重组进程产生重大影响的情况下,仓促决定启动重大资产重组停牌,导致公司股票长期停牌,影响了公司股票交易的正常秩序. 二,公司的重组预案信息披露前后不一致,风险揭示不充分公司于2015年11月14日首次披露重组预案后,又于11月28日披露重大资产重组继续停牌公告,称由于会计师认为将江苏林海雅马哈摩托有限公司(以下简称林海雅马哈)纳入林海集团合并报表范围证据不充分,因此需继续停牌就预案进行修订.迟至12月17日,公司才披露重组预案修订稿,不再将林海雅马哈纳入重组合并报表,并对重组方案做出重大调整.经进一步核实,公司首次披露重组预案前即已知晓会计师对林海集团合并范围存在异议,但却并未在预案中对该异议作出明确风险提示. 重组交易标的能否纳入合并报表对重组标的具有重大影响,也构成了重组预案的重要内容,是对投资者决策构成重大影响的事项.公司披露重组预案前并未就该报表合并事项与会计师达成一致,导致重组预案因重大偏差而需进行调整,公司披露的重组预案中关于相关标的能否纳入合并报表的信息披露前后不一致,且未对前期会计师有关合并范围的异议作出提示,风险揭示不充分.",内部通报批评,通报批评,处分类型
林海股份,上海证券交易所,汽车与零配件,(2016)32号,"公司运作,治理违规",违规事实和情节,内部通报批评,通报批评,处分类型
雪峰科技,上海证券交易所,化工,(2016)30号,"特定重大事项披露违规,公司运作,治理违规","经查明,2015年1月12日至2015年11月12日期间,新疆雪峰科技(集团)股份有限公司(以下简称雪峰科技或公司),违反中国证监会《关于规范上市公司与关联方资金往来及上市公司对外担保若干问题的通知》的有关规定,在无交易背景情况下,向公司实际控制人新疆维吾尔自治区国资委下属的新疆雪峰投资控股有限责任公司(以下简称雪峰控股,其法定代表人兼任雪峰科技董事长)多次提供非经营性资金,总计4.83亿元,占公司2014年经审计净资产近60%. 其中,2015年上半年,雪峰科技累计向雪峰控股拆借资金14笔,金额2.33亿元,期末占用余额为5300万元;2015年下半年,雪峰科技累计向雪峰控股拆借资金10笔,金额2.5亿元.截至2015年12月9日,上述被占用资金已全部归还.此外,2015年8月26日,公司披露2015年半年度报告称,上述5300万元系公司向雪峰控股预付研发大楼代建款,与资金占用的事实存在差异,相关信息披露不真实,不准确. 针对上述违规事项,公司监事会,独立董事,审计机构大华会计师事务所(特殊普通合伙),保荐人东方花旗证券有限公司均出具了专项意见,认定雪峰科技未按照《公司法》,《公司章程》以及《关联交易决策制度》等规定对上述关联资金拆借行为履行董事会,股东大会决策程序;亦未按照《上市公司治理准则》,《上市公司信息披露管理办法》以及《上海证券交易所股票上市规则》(以下简称《股票上市规则》)等规定对上述关联资金拆借事项及时履行信息披露义务. 雪峰科技与关联方雪峰控股之间的非经营性资金往来频繁,数额巨大,未及时披露,且公司2015年半年报中关于资金占用的披露与事实不符;上述行为损害了上市公司和投资者利益,违反了证监会《关于规范上市公司与关联方资金往来及上市公司对外担保若干问题的通知》,《股票上市规则》第1.4条,第2.1条的有关规定.时任公司董事长康健,同时作为关联方雪峰控股的法定代表人,负责两公司的经营管理和重大事项决策,未遵守法律,法规及相关监管规定,未能勤勉尽责,对公司的上述违规行为负有责任;董事会秘书兼财务总监周春林,作为公司日常经营决策,财务和信息披露的直接负责人,未勤勉尽责,对公司的上述违规行为负有责任. 前述有关责任人的行为违反了《股票上市规则》第2.2条,第3.1.4条,第3.1.5条,第3.2.2条的规定,以及其在《董事(监事,高级管理人员)声明及承诺书》中做出的承诺.",内部通报批评,通报批评,处分类型
宏创控股,深圳证券交易所,有色金属,-,"公司运作,治理违规",业绩预测结果不准确或不及时,内部通报批评,通报批评,处分类型
雪峰科技,上海证券交易所,化工,(2016)30号,"公司运作,治理违规",经查明，2015年1月12日至2015年11月12日期间，新疆雪峰科技（集团）股份有限公司（以下简称雪峰科技或公司）在无交易背景情况下，向公司实际控制人新疆维吾尔自治区国资委下属的新疆雪峰投资控股有限责任公司（以下简称雪峰控股，其法定代表人兼任雪峰科技董事长）多次提供非经营性资金，总计4.83亿元，占公司2014年经审计净资产近60%。其中，2015年上半年，雪峰科技累计向雪峰控股拆借资金14笔，金额2.33亿元，期末占用余额为5300万元；2015年下半年，雪峰科技累计向雪峰控股拆借资金10笔，金额2.5亿元。截至2015年12月9日，上述被占用资金已全部归还。此外，2015年8月26日，公司披露2015年半年度报告称，上述5300万元系公司向雪峰控股预付研发大楼代建款，与资金占用的事实存在差异，相关信息披露不真实、不准确。雪峰科技与关联方雪峰控股之间的非经营性资金往来频繁、数额巨大、未及时披露，且公司2015年半年报中关于资金占用的披露与事实不符。时任公司董事长康健，同时作为关联方雪峰控股的法定代表人，负责两公司的经营管理和重大事项决策，未遵守法律、法规及相关监管规定，未能勤勉尽责，对公司的上述违规行为负有责任；董事会秘书兼财务总监周春林，作为公司日常经营决策、财务和信息披露的直接负责人，未勤勉尽责，对公司的上述违规行为负有责任。,"内部通报批评,其他",通报批评,处分类型
宏创控股,深圳证券交易所,有色金属,-,业绩预告(快报)公告违规,"2015年10月27日,公司披露《2015年第三季度报告》,预计公司2015年度净利润为盈利1,500万元至2,500万元.2016年2月26日,公司披露《2015年度业绩快报》,预计公司2015年实现归属于上市公司股东的净利润为1,735.03万元.2016年4月21日,公司披露《2015年年度报告》,公司2015年度实现归属于上市公司股东的净利润为-11,838.55万元.公司在2015年第三季度报告中披露的2015年净利润预计数据及2015年业绩快报中披露的净利润数据均不准确,且与实际数据差异较大.公司未能及时,准确地履行相关信息披露义务.",内部通报批评,通报批评,处分类型
*ST荣控,深圳证券交易所,房地产Ⅱ,-,"公司运作,治理违规","未及时披露公司重大事件,重大事项未履行审议程序",公开谴责,公开谴责,处分类型
北京利尔,深圳证券交易所,建材Ⅱ,深证上(2016)431号,"业绩预告(快报)公告违规,公司运作,治理违规","未及时披露公司重大事件,业绩预测结果不准确或不及时",内部通报批评,通报批评,处分类型
北京利尔,深圳证券交易所,建材Ⅱ,-,"业绩预告(快报)公告违规,特定重大事项披露违规","2015年8月14日，公司面向合格投资者公开发行2015年公 司债券；8月17日，公司收到募集资金54,560万元，存入专项账户；8信息披露义务。12月11日，公司将该笔借款的本金及利息全额收 回，幵于12月28日召开董事会审议此事项后对外披露。2015年10月23日，公司披露2015年第三季度报告，预计2015年度归属于上市公司股东的净利润为16,230万元至20,287万元。2016年2月29日，公司披露2015年度业绩 快报，披露的2015年度净利润为8,758万元；4月22日，公司披 露2015年度业绩快报修正公告，修正后2015年度净利润为-4,635万元；4月27日，公司披露2015年年度报告，披露的2015年净利润为-4,634万元。公司在2015年第三季度报告中披露的2015年净利润预计数据、在2015年业绩快报中披露的净利润均不准确，与实际数据差异较大且公司盈亏性质发生变化，公司未能及时、准确地履行相关信息披露义务。",内部通报批评,通报批评,处分类型
水晶光电,深圳证券交易所,硬件设备,-,"超比例减持,公司运作,治理违规","经查明，星星集团有限公司（以下简称“星星集团”）存在以下违规行为：浙江水晶光电科技股份有限公司（以下简称“公司”）控股股东星星集团有限公司于2016年3月2日通过集中竞价方式合计减持公司658,974股股票，减持金额为2,159.46万元，减持比例为0.15%。未提前15个交易日预先披露减持计划。","内部通报批评,其他",通报批评,处分类型
能特科技,深圳证券交易所,医药生物,-,"公司运作,治理违规",资金占用,内部通报批评,通报批评,处分类型
申科股份,深圳证券交易所,机械,-,"公司运作,治理违规","未及时披露公司重大事件,资金占用",内部通报批评,通报批评,处分类型
中通客车,深圳证券交易所,汽车与零配件,-,"公司运作,治理违规",未依法履行职责,内部通报批评,通报批评,处分类型
*ST亚太,深圳证券交易所,化工,-,"财务类违规,业绩预告(快报)公告违规","经查明,海南亚太实业収展股仹有限公司(以下简称“公司”或“亚太实业”)及相关当事人存在以下违规行为: 一,济南固锝电子器件有限公司(以下简称济南固锝)系亚太实业的投资持股企业.2012年及2013年济南固锝先后错误确认,冲减质量索赔款5,355,085.00元(原币金额为85万美元).济南固锝会计处理不当导致公司虚减2012年净利润2,570,440.80元,虚增2013年净利润2,570,440.80元(未考虑所得税因素),分别占公司2012年度更正前经审计净利润的227.48%,2013年度更正前经审计净利润的97.87%. 二,2013年12月31日,公司拟转让济南固锝电子器件有限公司21%股权,定价依据为截至2012年底济南固锝股权的账面价值20,017,561.21元.但公司未能于2013年底根据前述定价依据对所持该长期股权投资计提减值准备,导致公司2013年净利润虚增2,377,904.37元(未考虑所得税因素),占公司2013年度更正前经审计净利润的90.54%. 三,兰州同创嘉业房地产开収有限公司(以下简称同创嘉业)是公司持股84.16%的控股子公司,同创嘉业未按公司披露的会计政策和会计准则确认房产销售收入,导致同创嘉业2010年,2011年,2012年,2014年分别虚增营业收入9,714,582.00元,41,226,983.00元,11,230,060.00元,21,196,123.70元,导致同创嘉业2013年虚减营业收入9,890,010.00元. 合并报表后,导致公司2010年,2011年,2012年,2014年分别虚增营业收入9,714,582.00元,41,226,983.00元,11,230,060.00元,21,196,123.70元,占公司当期更正前营业收入的100%,100%,23.16%,61.75%,导致公司2013年虚减营业收入9,890,010.00元,占更正前当期营业收入的43.97%. 四,天津绿源生态能源有限公司(以下简称“天津绿源”)破产前系公司控股子公司.公司为已破产终结的天津绿源提供连带担保责仸的交通银行的银行借款19,800,000.00元,中国农业银行的银行借款44,800,000.00元均已逾期且涉及司法诉讼.2008年,公司为上述事项计提预计负债20,000,000.00元.2014年5月16日,天津市西青区人民法院裁定天津绿源破产程序终结,根据该民事裁定书,交通银行未清偿金额为13,801,813.63元,中国农业银行未清偿金额为34,639,308.46元. 以上两贷款合计未清偿金额为48,441,122.09元.2014年,公司未根据前述判决计提预计负债28,441,122.09元,导致2014年虚增利润28,441,122.09元(未考虑所得税因素). 五,公司于2016年1月29日収布2015年度业绩预告称预计报告期内归属于上市公司股东的净利润约为40-60万元,2016年4月30日,公司披露年度报告显示其归属于上市公司股东的净利润约为1159.37万元,但公司未及时对其业绩预告做出修正.","公开谴责,内部通报批评","公开谴责,通报批评",处分类型
獐子岛,深圳证券交易所,食品饮料,-,"业绩预告(快报)公告违规,公司运作,治理违规",公司2015年度经审计的净利润与披露的业绩预告、业绩快报中的净利润存在重大差异，且盈亏性质发生变化，但未及时披露业绩预告修正公告、业绩快报修正公告,内部通报批评,通报批评,处分类型
融发核电,深圳证券交易所,电气设备,-,"公司运作,治理违规",业绩预测结果不准确或不及时,内部通报批评,通报批评,处分类型
恒邦股份,深圳证券交易所,有色金属,-,"公司运作,治理违规",公司控股股东及其他关联人非经营性占用公司资金;公司财务会计报告存在重大会计差错,公开谴责,公开谴责,处分类型
恒邦股份,深圳证券交易所,有色金属,-,"特定重大事项披露违规,财务类违规","一,公司控股股东及其他关联人非经营性占用公司资金2013年1月至2015年11月,公司向控股股东烟台恒邦集团有限公司(以下简称“恒邦集团”)等关联人或第三方开具商业票据,国内信用证,由恒邦集团等关联人或第三方贴现,恒邦集团使用贴现资金并在票证到期前归还公司票证金额.2013年年度,2014年半年度,2014年年度,2015年半年度,2015年7月公司与恒邦集团发生非经营性票证往来分别为35,000万元,30,400万元,110,810万元,79,730万元,3,500万元. 同期,公司与烟台恒邦集团有限公司经贸分公司(以下简称“恒邦经贸”)等关联人发生非经营性资金往来,公司向恒邦经贸等关联人累计划转资金74,500万元,恒邦经贸等关联人向公司累计划转资金74,500万元.公司控股股东及其他关联人非经营性占用公司资金日余额最高为11,200万元.针对上述事项,公司未及时履行信息披露义务,也未按规定在公司2013年年度报告,2014年半年度报告,2014年年度报告,2015年半年度报告中进行披露. 二,公司财务会计报告存在重大会计差错针对公司与恒邦集团等关联人之间发生的部分票据往来事项未按规定及时进行会计确认和计量的事项,公司于2016年4月28日披露《关于前期会计差错更正的公告》,分别将2013年年度报告,2014年半年度报告,2014年年度报告,2015年半年度报告中的资产和负债调增21,000万元,26,200万元,70,310万元和45,500万元.","公开谴责,内部通报批评","公开谴责,通报批评",处分类型
恒邦股份,深圳证券交易所,有色金属,深证上(2016)556号,"公司运作,治理违规",控股股东及其他关联人非经营性占用公司资金;财务会计报告存在重大会计差错,公开谴责,公开谴责,处分类型
恒邦股份,深圳证券交易所,有色金属,-,"特定重大事项披露违规,财务类违规","一,公司控股股东及其他关联人非经营性占用公司资金2013年1月至2015年11月,公司向控股股东烟台恒邦集团有限公司(以下简称“恒邦集团”)等关联人或第三方开具商业票据,国内信用证,由恒邦集团等关联人或第三方贴现,恒邦集团使用贴现资金并在票证到期前归还公司票证金额.2013年年度,2014年半年度,2014年年度,2015年半年度,2015年7月公司与恒邦集团发生非经营性票证往来分别为35,000万元,30,400万元,110,810万元,79,730万元,3,500万元. 同期,公司与烟台恒邦集团有限公司经贸分公司(以下简称“恒邦经贸”)等关联人发生非经营性资金往来,公司向恒邦经贸等关联人累计划转资金74,500万元,恒邦经贸等关联人向公司累计划转资金74,500万元.公司控股股东及其他关联人非经营性占用公司资金日余额最高为11,200万元.针对上述事项,公司未及时履行信息披露义务,也未按规定在公司2013年年度报告,2014年半年度报告,2014年年度报告,2015年半年度报告中进行披露. 二,公司财务会计报告存在重大会计差错针对公司与恒邦集团等关联人之间发生的部分票据往来事项未按规定及时进行会计确认和计量的事项,公司于2016年4月28日披露《关于前期会计差错更正的公告》,分别将2013年年度报告,2014年半年度报告,2014年年度报告,2015年半年度报告中的资产和负债调增21,000万元,26,200万元,70,310万元和45,500万元.","内部通报批评,公开谴责","公开谴责,通报批评",处分类型
ST宏达,深圳证券交易所,化工,-,"特定重大事项披露违规,股票交易类违规","经查明,上海永邦投资有限公司(以下简称“上海永邦”)和杨绍东存在以下违规行为:自2014年5月至2014年12月,上海永邦控制的账户组交易江苏宏达新材料股份有限公司(以下简称“宏达新材”)股票,于2014年7月2日持股比例达到6.35%,于2014年12月2日持股比例达到13.89%.上海永邦控制的账户组交易安徽金禾实业股份有限公司(以下简称“金禾实业”)股票,于2014年11月27日持股比例达5.05%,于2014年12月8日持股比例达6.13%. 上海永邦在交易宏达新材和金禾实业股票比例分别达到5%时,未按照《证券法》第八十六条和《上市公司收购管理办法》第十三条的规定,及时向本所提交书面报告并披露权益变动报告书,在履行报告和信息披露义务前也未停止交易相关股票.杨绍东时为上海永邦董事长和实际控制人,对上述事项负有直接责任.本所认为,上海永邦和杨绍东的上述行为违反了本所《股票上市规则(2012修订)》第1.4条,第2.3条,第11.8.1条以《股票上市规则(2014修订)》第1.4条,第2.3条,第11.8.1条的规定.",公开谴责,公开谴责,处分类型
恒邦股份,深圳证券交易所,有色金属,-,"特定重大事项披露违规,财务类违规","一,公司控股股东及其他关联人非经营性占用公司资金2013年1月至2015年11月,公司向控股股东烟台恒邦集团有限公司(以下简称“恒邦集团”)等关联人或第三方开具商业票据,国内信用证,由恒邦集团等关联人或第三方贴现,恒邦集团使用贴现资金并在票证到期前归还公司票证金额.2013年年度,2014年半年度,2014年年度,2015年半年度,2015年7月公司与恒邦集团发生非经营性票证往来分别为35,000万元,30,400万元,110,810万元,79,730万元,3,500万元. 同期,公司与烟台恒邦集团有限公司经贸分公司(以下简称“恒邦经贸”)等关联人发生非经营性资金往来,公司向恒邦经贸等关联人累计划转资金74,500万元,恒邦经贸等关联人向公司累计划转资金74,500万元.公司控股股东及其他关联人非经营性占用公司资金日余额最高为11,200万元.针对上述事项,公司未及时履行信息披露义务,也未按规定在公司2013年年度报告,2014年半年度报告,2014年年度报告,2015年半年度报告中进行披露. 二,公司财务会计报告存在重大会计差错针对公司与恒邦集团等关联人之间发生的部分票据往来事项未按规定及时进行会计确认和计量的事项,公司于2016年4月28日披露《关于前期会计差错更正的公告》,分别将2013年年度报告,2014年半年度报告,2014年年度报告,2015年半年度报告中的资产和负债调增21,000万元,26,200万元,70,310万元和45,500万元.","公开谴责,内部通报批评","公开谴责,通报批评",处分类型
恒信东方,深圳证券交易所,软件服务,-,"公司运作,治理违规",未及时披露公司重大事件,内部通报批评,通报批评,处分类型
恒信东方,深圳证券交易所,软件服务,-,特定重大事项披露违规,"经查明,恒信移动商务股份有限公司(以下简称“恒信移动”)及相关当事人存在以下违规行为:恒信移动于2016年3月24日披露了2015年年度报告及《关于举办2015年度业绩说明会的公告》,拟于4月7日在深圳证券信息有限公司提供的网上平台举行2015年度报告网上业绩说明会(以下简称“年报业绩说明会”).4月7日,恒信移动未如期召开年报业绩说明会,也未及时公告说明原因.恒信移动于4月12日披露了《关于变更公司2015年度网上业绩说明会日期的公告》,称其由于网络故障未能按时启动年报业绩说明会,将年报业绩说明会日期变更至2016年4月13日. 恒信移动变更后的年报业绩说明会日期距年度报告披露日期超过十个交易日,距《关于变更公司2015年度网上业绩说明会日期的公告》披露日期不足二个交易日.恒信移动上述行为违反了本所《创业板股票上市规则(2014年修订)》第1.4条规定及本所《创业板上市公司规范运作指引(2015年修订)》第1.4条,第2.1.1条,第9.9条规定.恒信移动董事长孟宪民,董事会秘书段赵东未能恪尽职守,履行诚信勤勉义务,违反了本所《创业板股票上市规则(2014年修订)》第2.2条,第3.1.5条规定,对恒信移动违规行为负有重要责任.",内部通报批评,通报批评,处分类型
山河智能,中小板公司管理部,机械,中小板监管函(2016)第171号,特定重大事项披露违规,未按规定履行信息披露义务;信息披露内容存在虚假记载、误导性陈述或重大遗漏,"责令改正,监管关注,公开批评",公开批评,处分类型
山煤国际,上海证券交易所(中国证券博物馆),煤炭Ⅱ,(2016)38号,"公司运作,治理违规","公司上述行为违反了《上海证券交易所股票上市规则》第2.1条,第2.6条和第11.3.3条等有关规定",内部通报批评,通报批评,处分类型
华阳新材,上海证券交易所,化工,纪律处分决定书(2016)40号,特定重大事项披露违规,"未及时披露公司重大事件,业绩预测结果不准确或不及时",内部通报批评,通报批评,处分类型
新华都,深圳证券交易所,软件服务,-,"财务类违规,公司运作,治理违规,交易/关联交易违规","一、关联交易未履行审议程序和信息披露义务（一）转让子公司股权的关联交易2014年10月，公司将子公司安溪新华都置业发展有限公司（以下简称“安溪置业”)100%股权转让给福建省怡和房地产开发有限公司（以下简称“福建怡和”)，本次交易价格为1,244.31万元，占公司2013年末经审计归属于上市公司股东的净资产（以下简称“净资产”）的1.20%。福建怡和控股股东及实际控制人为公司董事陈耿生，是公司的关联人，公司与福建怡和之间的交易为关联交易。公司对该关联交易未及时进行信息披露。直至2016年3月30日，公司才对外披露。（二）日常关联交易2011年至2014年，泉州绿农贸易有限公司（以下简称“泉州绿农”）向公司供应蔬菜等生鲜产品。泉州绿农控股股东及实际控制人为陈文杰，监事为陈耿生，两人是公司实际控制人陈发树的侄子。泉州绿农工商登记注册地为安溪县凤城镇解放路255-257号，该场所租自公司子公司泉州新华都购物广场股份有限公司安溪大同店；陈文杰投入泉州绿农的500万元注册资金来源于公司实际控制人陈发树；公司与泉州绿农交易采用预付货款形式，预付款支付进度明显异于其他供应商；泉州绿农的主营业务依赖公司，公司是其主要客户。根据以上事实，陈文杰属于《上市公司信息披露管理办法》中规定的“与上市公司有特殊关系，已经造成上市公司对其利益倾斜的自然人”，泉州绿农为公司关联人。2011年至2014年，公司与泉州绿农发生的关联交易金额分别为3,214.88万元、6,057.89万元、3,667.26万元、2,741.73万元，分别占公司2010年至2013年末净资产的5.70%、5.23%、2.78%、2.64%。其中，公司与泉州绿农于2011、2012年发生的日常关联交易需经公司股东大会审议通过。但公司对上述关联交易均未及时履行相应的审议程序，也未在临时公告和定期报告中及时披露。直至2016年3月30日，公司才召开董事会审议幵对外披露，幵经2016年4月21日股东大会审议通过。二、重大事项未履行决策程序和信息披露义务（一）重大亏损事项2013年1月，公司关闭常州奥体店，该门店终止营业导致公司发生装修费用和固定资产处理或报废损失约2,820万元，该损失金额一次计入当期损益，占公司当时最近一个会计年度2011年度经审计归属于上市公司股东净利润（以下简称“净利润”）的19.29%。2013年4月，公司关闭泰州坡子街店，该门店终止营业导致公司发生装修费用和固定资产处理或报废损失约2,840万元，该损失金额一次计入当期损益，占公司当时最近一个会计年度2012年度净利润的15.29%。公司发生上述重大亏损后，未及时履行信息披露义务。直至2016年3月30日，公司才对外披露。（二）收取资金占用费事项2012年11月2日，公司全资子公司泉州新华都购物广场有限公司（以下简称“泉州新华都”）与和昌（福建）房地产开发有限公司（以下简称“和昌福建”）签订《商品房认购协议》，拟以1.9亿元认购和昌福建开发的位于泉州市和昌贸易中心二、三、四层在建商场。2012年11月7日，公司与和昌福建签订《商品房认购补充协议》，由公司在一年内支付认购款1.9亿元，和昌福建应按年18%的利率标准支付已付认购款的资金占用费。2012年10月30日，泉州新华都与和昌福建签订《房屋租赁合同》，租赁和昌福建在泉州市丰泽街和昌贸易中西地下一层房产，租赁面积共15,000平方米,租金总额为1.46亿。2012年11月2日，公司与和昌福建签订《租赁补充协议》，由公司在一年内向和昌福建支付5,000万元定金、预付租金5,000万元，和昌福建应按年18%的利率标准支付已预付定金及租金的资金占用费。根据《租赁补充协议》和《商品房认购补充协议》，2013年公司向和昌福建收取1,426.75万元资金占用费，计入当期损益，占2012年净利润的8.94%；2014公司收取4,271.25万元，计入当期损益，占2013年净利润的18.08%；2015公司已收取1,305万元，另有1,305万元计入其他应收款，合计2,310万元计入当期损益，占2014年净利润的71.12%。公司对上述收取资金占用费的事项均未及时履行相应的审议程序，也未及时披露。直至2016年3月30日，公司才召开董事会审议幵对外披露，幵经2016年4月21日股东大会审议通过。三、会计差错2014年，公司收取的广告牌租赁费、场地租赁费等，未按《企业会计准则》规定的权责发生制原则在租赁期内分期确认收入，而是按收付实现制原则直接计入收取租金当期的收入。此外，公司每年年终十三薪于次年春节前后发放，未按《企业会计准则》规定在当年预提相关薪酬费用，而是直接于次年发放时计入当期损益，导致费用存在跨期现象。上述会计差错影响2013年净利润1,117.62万元，占更正后2013年净利润的4.96%，影响2014年净利润-498.79万元，占更正后2014年净利润的15.73%。直至2016年3月30日，公司才对2013年度、2014年度的相关会计差错进行了追溯调整幵对外披露。公司时任董事长陈志程未能恪尽职守、履行诚信勤勉义务，对公司上述违规行为负有重要责任。公司时任董事长兼总经理周文贵、董事陈耿生未能恪尽职守、履行诚信勤勉义务，对公司上述违规行为负有重要责任。公司时任董事兼董事会秘书龚严冰未能恪尽职守、履行诚信勤勉义务，对公司上述违规行为负有重要责任。","内部通报批评,其他",通报批评,处分类型
新华都,深圳证券交易所,软件服务,-,"特定重大事项披露违规,交易/关联交易违规","一,关联交易未履行审议程序和信息披露义务(一)转让子公司股权的关联交易2014年10月,公司将子公司安溪新华都置业发展有限公司(以下简称“安溪置业”)100%股权转让给福建省怡和房地产开发有限公司(以下简称“福建怡和”),本次交易价格为1,244.31万元,占公司2013年末经审计归属于上市公司股东的净资产(以下简称“净资产”)的1.20%.福建怡和控股股东及实际控制人为公司董事陈耿生,是公司的关联人,公司与福建怡和之间的交易为关联交易.公司对该关联交易未及时进行信息披露.直至2016年3月30日,公司才对外披露. (二)日常关联交易2011年至2014年,泉州绿农贸易有限公司(以下简称“泉州绿农”)向公司供应蔬菜等生鲜产品.泉州绿农控股股东及实际控制人为陈文杰,监事为陈耿生,两人是公司实际控制人陈发树的侄子.泉州绿农工商登记注册地为安溪县凤城镇解放路255-257号,该场所租自公司子公司泉州新华都购物广场股份有限公司安溪大同店;陈文杰投入泉州绿农的500万元注册资金来源于公司实际控制人陈发树;公司与泉州绿农交易采用预付货款形式,预付款支付进度明显异于其他供应商;泉州绿农的主营业务依赖公司,公司是其主要客户. 根据以上事实,陈文杰属于《上市公司信息披露管理办法》中规定的“与上市公司有特殊关系,已经造成上市公司对其利益倾斜的自然人”,泉州绿农为公司关联人.2011年至2014年,公司与泉州绿农发生的关联交易金额分别为3,214.88万元,6,057.89万元,3,667.26万元,2,741.73万元,分别占公司2010年至2013年末净资产的5.70%,5.23%,2.78%,2.64%.其中,公司与泉州绿农于2011,2012年发生的日常关联交易需经公司股东大会审议通过.但公司对上述关联交易均未及时履行相应的审议程序,也未在临时公告和定期报告中及时披露. 直至2016年3月30日,公司才召开董事会审议幵对外披露,幵经2016年4月21日股东大会审议通过. 二,重大事项未履行决策程序和信息披露义务(一)重大亏损事项2013年1月,公司关闭常州奥体店,该门店终止营业导致公司发生装修费用和固定资产处理或报废损失约2,820万元,该损失金额一次计入当期损益,占公司当时最近一个会计年度2011年度经审计归属于上市公司股东净利润(以下简称“净利润”)的19.29%.2013年4月,公司关闭泰州坡子街店,该门店终止营业导致公司发生装修费用和固定资产处理或报废损失约2,840万元,该损失金额一次计入当期损益,占公司当时最近一个会计年度2012年度净利润的15.29%.公司发生上述重大亏损后,未及时履行信息披露义务.直至2016年3月30日,公司才对外披露. (二)收取资金占用费事项2012年11月2日,公司全资子公司泉州新华都购物广场有限公司(以下简称“泉州新华都”)与和昌(福建)房地产开发有限公司(以下简称“和昌福建”)签订《商品房认购协议》,拟以1.9亿元认购和昌福建开发的位于泉州市和昌贸易中心二, 三,四层在建商场.2012年11月7日,公司与和昌福建签订《商品房认购补充协议》,由公司在一年内支付认购款1.9亿元,和昌福建应按年18%的利率标准支付已付认购款的资金占用费.—4—2012年10月30日,泉州新华都与和昌福建签订《房屋租赁合同》,租赁和昌福建在泉州市丰泽街和昌贸易中西地下一层房产,租赁面积共15,000平方米,租金总额为1.46亿.2012年11月2日,公司与和昌福建签订《租赁补充协议》,由公司在一年内向和昌福建支付5,000万元定金,预付租金5,000万元,和昌福建应按年18%的利率标准支付已预付定金及租金的资金占用费. 根据《租赁补充协议》和《商品房认购补充协议》,2013年公司向和昌福建收取1,426.75万元资金占用费,计入当期损益,占2012年净利润的8.94%;2014公司收取4,271.25万元,计入当期损益,占2013年净利润的18.08%;2015公司已收取1,305万元,另有1,305万元计入其他应收款,合计2,310万元计入当期损益,占2014年净利润的71.12%.公司对上述收取资金占用费的事项均未及时履行相应的审议程序,也未及时披露.直至2016年3月30日,公司才召开董事会审议幵对外披露,幵经2016年4月21日股东大会审议通过.",内部通报批评,通报批评,处分类型
焦作万方,深圳证券交易所,有色金属,-,特定重大事项披露违规,"西藏吉奥高投资控股有限公司(以下简称“吉奥高”)及相关当事人存在以下违规事实:2016年5月19日,焦作万方铝业股份有限公司(以下简称“焦作万方”)原第一大股东吉奥高与杭州金投锦众投资合伙企业(有限合伙)(以下简称“金投锦众”)签署股权转让协议,吉奥高拟将其持有的焦作万方190,216,238股股份(占焦作万方当时股份总数的15.81%)转让给金投锦众. 该协议同时约定,协议签订后60日内,在上述190,216,238股股份完成变更登记的前提下,吉奥高有权要求金投锦众购买其持有的其余21,000,000股焦作万方股份.2016年5月21日,吉奥高及其股东刘坤芳,藏灵霞,黄楚淮与苏州天澳汇融投资发展中心(有限合伙)(以下简称“苏州天澳”)签署股权转让协议,刘坤芳,藏灵霞,黄楚淮拟将其持有的吉奥高99.5%股份转让给苏州天澳,在吉奥高持有的焦作万方211,216,238股股份(占焦作万方当时股份总数的17.56%)解除司法冻结后,吉奥高拟将其持有的焦作万方211,216,238股股份以及由此衍生的所有股东权益转让给苏州天澳.2016年6月1日,焦作万方披露《公司第一大股东变更的提示性公告》,主要内容为吉奥高与金投锦众相关股权转让事项.2016年6月25日,吉奥高披露简式权益变动报告书. 吉奥高及其股东刘坤芳,藏灵霞,黄楚淮与苏州天澳签署股权转让协议后未及时通知上市公司并对外披露权益变动报告书.",内部通报批评,通报批评,处分类型
皇台酒业,深圳证券交易所,食品饮料,-,特定重大事项披露违规,"经查明,甘肃皇台酒业股份有限公司(以下简称“公司”)存在以下违规事实:2016年6月23日,公司披露《关于控股股东所持公司股份被冻结的公告》称,公司控股股东上海厚丰投资公司(以下简称“上经查明,甘肃皇台酒业股份有限公司(以下简称“公司”)存在以下违规事实:2016年6月23日,公司披露《关于控股股东所持公司股份被冻结的公告》称,公司控股股东上海厚丰投资公司(以下简称“上经查明,甘肃皇台酒业股份有限公司(以下简称“公司”)存在以下违规事实:2016年6月23日,公司披露《关于控股股东所持公司股份被冻结的公告》称,公司控股股东上海厚丰投资公司(以下简称“上公司的上述行为违反了本所《股票上市规则(2014年修订)》第1.4条,第2.1条和第11.11.4条的规定. 公司控股股东上海厚丰违反了本所《股票上市规则(2014年修订)》第1.4条,第2.3条和本所《主板上市公司规范运作指引》第4.1.6条的规定.公司董事长卢鸿毅,总经理李学继违反了《股票上市规则(2014年修订)》第1.4条,第3.1.5条的规定,对公司上述违规行为负有重要责任.公司董事会秘书刘峰未能恪尽职守,履行诚信勤勉义务,违反了《股票上市规则(2014年修订)》第1.4条,第3.1.5条和第3.2.2条的规定,对公司上述违规行为负有重要责任.",内部通报批评,通报批评,处分类型
皇台酒业,深圳证券交易所,食品饮料,-,特定重大事项披露违规,"经查明,甘肃皇台酒业股份有限公司(以下简称“公司”)存在以下违规事实:2016年6月23日,公司披露《关于控股股东所持公司股份被冻结的公告》称,公司控股股东上海厚丰投资公司(以下简称“上经查明,甘肃皇台酒业股份有限公司(以下简称“公司”)存在以下违规事实:2016年6月23日,公司披露《关于控股股东所持公司股份被冻结的公告》称,公司控股股东上海厚丰投资公司(以下简称“上经查明,甘肃皇台酒业股份有限公司(以下简称“公司”)存在以下违规事实:2016年6月23日,公司披露《关于控股股东所持公司股份被冻结的公告》称,公司控股股东上海厚丰投资公司(以下简称“上公司的上述行为违反了本所《股票上市规则(2014年修订)》第1.4条,第2.1条和第11.11.4条的规定. 公司控股股东上海厚丰违反了本所《股票上市规则(2014年修订)》第1.4条,第2.3条和本所《主板上市公司规范运作指引》第4.1.6条的规定.公司董事长卢鸿毅,总经理李学继违反了《股票上市规则(2014年修订)》第1.4条,第3.1.5条的规定,对公司上述违规行为负有重要责任.公司董事会秘书刘峰未能恪尽职守,履行诚信勤勉义务,违反了《股票上市规则(2014年修订)》第1.4条,第3.1.5条和第3.2.2条的规定,对公司上述违规行为负有重要责任.",内部通报批评,通报批评,处分类型
五洋自控,深圳证券交易所,机械,-,"公司运作,治理违规",未及时披露公司重大事件,内部通报批评,通报批评,处分类型
五洋自控,深圳证券交易所,机械,-,特定重大事项披露违规,"经查明,徐州五洋科技股份有限公司(以下简称“五洋科技”)及相关当事人存在以下违规行为:2016年4月7日,五洋科技披露的《第二届董事会第十二次会议决议的公告》显示,五洋科技第二届董事会第十二次会议审议通过了《2015年度利润分配预案》(以下简称“原利润分配方案”),决定不分红,不转增.五洋科技8位董事(包括侯友夫,蔡敏)均投了赞成票. 五洋科技控股股东,实际控制人,董事长侯友夫,控股股东,实际控制人,董事蔡敏滥用控股股东权利,否决了自己曾同意的利润分配方案,损害了其他投资者利益,违反了本所《创业板股票上市规则(2014年修订)》第2.2条,第2.10条和本所《创业板上市公司规范运作指引(2015年修订)》第3.3.1条,第4.1.1条的规定,对上述违规行为负有重要责任.",内部通报批评,通报批评,处分类型
天利科技,深圳证券交易所,软件服务,-,"公司运作,治理违规","关联交易,重大事项未履行审议程序",内部通报批评,通报批评,处分类型
科达制造,上海证券交易所,机械,-,特定重大事项披露违规,未及时披露公司重大事件,公开批评,公开批评,处分类型
天利科技,深圳证券交易所,软件服务,-,交易/关联交易违规,"经查明,北京无线天利移动信息技术股份有限公司(以下简称“京天利”)及相关当事人存在以下违规行为:京天利于2015年1月29日披露的《第二届董事会第九次会议决议的公告》及《关于收购上海誉好数据技术有限公司部分股权的公告》显示,京天利第二届董事会第九次会议审议通过了《关于收购上海誉好数据技术有限公司部分股权的议案》,京天利拟以现金作价8,239.14万元收购上海誉好数据技术有限公司(以下简称“上海誉好”)80%的股权.京天利明确披露该次收购不构成关联交易,无须履行关联交易的审议程序. 京天利于2016年4月26日披露的《第二届董事会第二十次会议决议的公告》及《关于将收购上海誉好数据技术有限公司部分股权事项修正为关联交易的公告》显示,由于京天利控股股东,实际控制人,董事长钱永耀对相关法规中涉及关联方关系和关联交易的判断理解不够准确,导致董事会在审议该收购事项时,未按照关联交易的决策程序进行审议,在提请董事会审议时,也未要求关联方钱永耀回避表决.因此,京天利将上述交易修正为关联交易,与该关联交易有利害关系的关联董事回避对该项议案的表决,并已提交京天利2015年年度股东大会审议通过.",内部通报批评,通报批评,处分类型
神开股份,深圳证券交易所,石油石化,-,特定重大事项披露违规,"经查明,上海神开石油化工装备股份有限公司(以下简称“公司”)相关当事人存在以下违规行为:2015年9月8日,公司股东李芳英,顾正,王祥伟,袁建新,郑帼芳,丁文华和高湘7人分别与上海业祥投资管理有限公司(以下简称“业祥投资”)签订《股份转让协议》,同日,公司的股东顾正,王祥伟,袁建新,郑帼芳,丁文华,高湘和顾冰7人与业祥投资签订前述协议的《补充协议一》和《补充协议二》. 《股份转让协议》约定李芳英将其持有的3.071%股权,顾正,王祥伟,袁建新,郑帼芳,丁文华和高湘6人(以下简称“顾正等6人”)将其持有的5.001%股权,共计8.072%的上市公司股份以13.50元/股协议转让给业祥投资,顾正,高湘,袁建新,王祥伟和顾冰5人(以下简称“顾正等5人”)同时将其持有的15.004%股权质押给业祥投资并委托对应的投票权.《补充协议一》约定在顾正等6人将5.001%股权转让完成后,顾正等5人将其持有的15.004%的上市公司股份分两次以13.50元/股转让给业祥投资. 《补充协议二》约定顾正等6人拟转让的5.001%股份和顾正等5人拟转让的15.004%股份在原协议确定的13.50元/股基础上增加溢价2.59元/股.相关信息披露义务人将《股份转让协议》告知公司并于2015年9月9日对外披露,而未将《补充协议一》和《补充协议二》告知公司并及时履行信息披露义务.协议签署后,业祥投资已根据《补充协议一》和《补充协议二》,支付了转让款合计24713.8万元. 本所认为,公司控股股东业祥投资,原实际控制人,时任董事长顾正,原实际控制人,时任董事兼副总经理王祥伟,原实际控制人,时任董事袁建新,原实际控制人施建兴和时任副总经理兼董事会秘书顾冰的上述行为违反了本所《股票上市规则(2014年修订)》第1.4条,第2.1条,第2.3条,第2.7条,《中小企业板上市公司规范运作指引(2015年修订)》第4.1.2条和第4.1.6条的规定,对上述违规行为负有重要责任.",内部通报批评,通报批评,处分类型
*ST仁东,深圳证券交易所,非银金融,-,"业绩预告(快报)公告违规,公司运作,治理违规","未及时披露公司重大事件,业绩预测结果不准确或不及时",内部通报批评,通报批评,处分类型
妙可蓝多,上海证券交易所,食品饮料,(2016)44号,"公司运作,治理违规","经查明,2016年1月30日,上海广泽食品科技股份有限公司(以下简称公司)披露2015年度业绩预亏公告,预计2015年度经营业绩将出现亏损,实现归属于上市公司股东的净利润约为-6,000万元至-8,000万元.4月25日,公司披露更正公告称,预计2015年度实现归属于上市公司股东的净利润约为-27,000万元至-28,000万元,业绩更正原因为公司重要全资子公司山东华联矿业股份有限公司(以下简称华联股份)自2016年4月1日起停产,公司根据谨慎性原则,对华联股份各项出现减值迹象的资产,计提了大额减值准备.4月26日,公司披露2015年度报告,公司2015年度归属于上市公司股东的净利润为-27,491万元. 公司年度业绩是投资者关注的重大事项,可能对公司股价及投资者决策产生重大影响.公司前期披露的业绩预告为预亏6,000万元至8,000万元,实际亏损高达27,491万元,公司预告的业绩与实际业绩状况出现重大偏差,差异金额约为19491万元,差异幅度达到244%,情节严重,可能对投资者产生重大误导.尽管公司4月25日公告称,公司业绩更正原因涉及子公司停产后资产减值准备计提事项.但一般而言,全资子公司停产属于公司可以控制的事项,而非不可预见的突发性事件. 公司在1月30日进行业绩预告时,即应当及时会商公司年审会计事务所,对子公司停产和由此产生的资产减值准备事项有所预计和准备,并在业绩预告中予以充分的风险提示,但公司并未对此及时预计并在公告提示风险.同时,公司直至4月25日即年报披露前一日才发布业绩预告更正公告,更正信息披露严重滞后. 综上,公司前期披露的业绩预告不谨慎,不准确,未充分提示风险,也未及时发布业绩预告更正公告,其行为违反了《上海证券交易所股票上市规则》(以下简称《股票上市规则》)第2.1条,第2.6条和第11.3.3条等有关规定;时任公司董事长兼总经理柴琇,财务总监白丽君,独立董事兼审计委员会召集人孙立荣,副总经理兼董事会秘书陈陆辉未勤勉尽责,对公司的违规行为负有相应责任,违反了《股票上市规则》第2.2条,第3.1.4条,第3.1.5条,第3.2.2条的规定,以及在《董事(监事,高级管理人员)声明及承诺书》中做出的承诺.",内部通报批评,通报批评,处分类型
江苏国信,深圳证券交易所,公用事业Ⅱ,-,特定重大事项披露违规,"2016年5月6日，公司披露《关于对以前年度重大会计差错更正及追溯调整的补充公告》，称公司对以前年度为南通明德重工有限公司（以下简称“明德重工”）提供财务资助形成的利息收入入账错误及与明德重工业务往来中形成的利息收入入账错误进行更正，并进行追溯调整。调整后，公司2013年归属于上市公司股东的净利润（以下简称“净利润”）由9,608.94万元调整为5,876.28万元，更正前后净利润变动幅度为63.52%。公司时任董事长王军民、时任总经理兼董事李玖未能恪尽职守、履行诚信勤勉义务，公司时任副总经理兼财务总监兼董事会秘书曹春华未能恪尽职守、履行诚信勤勉义务。","内部通报批评,其他",通报批评,处分类型
ST雪发,深圳证券交易所,交通运输,深交所给予公开谴责处分决定书(2016),"特定重大事项披露违规,股票交易类违规","经查明,华夏人寿保险股份有限公司(以下简称“华夏人寿”)存在以下违规行为:截至2016年3月14日,华夏人寿持有希努尔男装股份有限公司(以下简称“希努尔”)18.75%的股份,2016年3月14日,华夏人寿通过协议转让方式将其持有的希努尔5,500万股转让给重庆信三威投资咨询中心(有限合伙),本次转让后,华夏人寿持有希努尔1.56%的股份.2016年6月16日至6月22日,华夏人寿通过集中竞价交易方式减持希努尔500万股,减持金额7,945.02万元,本次减持后,华夏人寿不再持有希努尔股份. 华夏人寿在上述协议转让减持后的6个月内通过集中竞价交易减持希努尔股份,未按照中国证监会《上市公司大股东,董监高减持股份的若干规定》(证监会公告〔2016〕1号)第八条,第九条和第十条的规定在首次卖出的15个交易日前预先披露减持计划,且三个月内通过集中竞价交易减持股份的比例超过希努尔股份总数的1%.",公开谴责,公开谴责,"处分类型,处罚案号"
昆仑万维,深圳证券交易所,传媒,-,"公司运作,治理违规",未及时披露公司重大事件,内部通报批评,通报批评,处分类型
顾地科技,深圳证券交易所,建筑,-,"公司运作,治理违规","在立案调查期间通过大宗交易系统出售顾地科技股份共计1,725万股，占顾地科技总股本的4.99%",公开谴责,公开谴责,处分类型
红旗连锁,深圳证券交易所,日常消费零售,-,"公司运作,治理违规","2016年5月10日、2016年6月15日，红旗连锁控股股东和实际控制人曹世如通过本所证券交易系统，以大宗交易方式减持红旗连锁股份合计17,680万股，占红旗连锁总股本的13.00%。2016年6月15日，四川三新创业投资有限责任公司（以下简称“三新创投”）通过本所证券交易系统，以大宗交易方式买入红旗连锁股份16,880万股，占红旗连锁总股本的12.41%。曹世如在通过本所证券交易系统卖出红旗连锁股份达到5%时和三新创投在通过本所证券交易系统买入红旗连锁股份达到5%时，未按照《证券法》第八十六条、《上市公司收购管理办法》第十三条的规定，及时向本所提交书面报告并披露权益变动报告书，未在履行报告和披露义务前停止卖出和买入红旗连锁股份。","其他,公开谴责",公开谴责,处分类型
顾地科技,深圳证券交易所,建筑,深交所给予处分决定书(2016),"特定重大事项披露违规,股票交易类违规","经查明,广东顾地塑胶有限公司(以下简称“公司”)存在以下违规行为:公司作为顾地科技股份有限公司(以下简称“顾地科技”)5%以上股东,因涉嫌违法违规于2015年12月8日被中国证监会湖北监管局立案调查,但公司分别于2016年7月20日和7月21日通过大宗交易系统出售顾地科技股份共计1,725万股,占顾地科技总股本的4.99%,减持金额为34,710万元.公司在立案调查期间的减持行为违反了《上市公司大股东,董监高减持股份的若干规定》(证监会公告〔2016〕1号)第六条的规定.本所认为,公司上述行为违反了本所《股票上市规则(2014年修订)》第1.4条和第3.1.8条的规定.",公开谴责,公开谴责,处分类型
红旗连锁,深圳证券交易所,日常消费零售,-,"公司运作,治理违规",曹世如通过证券交易系统减持红旗连锁股份达到5%时未及时提交书面报告并披露权益变动报告书，且未在履行报告和披露义务前停止卖出股份;三新创投通过证券交易系统买入红旗连锁股份达到5%时未及时提交书面报告并披露权益变动报告书，且未在履行报告和披露义务前停止买入股份,公开谴责,公开谴责,处分类型
红旗连锁,深圳证券交易所,日常消费零售,深交所给予公开谴责决定书(2016),"股票交易类违规,特定重大事项披露违规","经查明,成都红旗连锁股份有限公司(以下简称“红旗连锁”)相关当事人存在以下违规行为:2016年5月10日,2016年6月15日,红旗连锁控股股东和实际控制人曹世如通过本所证券交易系统,以大宗交易方式减持红旗连锁股份合计17,680万股,占红旗连锁总股本的13.00%.2016年6月15日,四川三新创业投资有限责任公司(以下简称“三新创投”)通过本所证券交易系统,以大宗交易方式买入红旗连锁股份16,880万股,占红旗连锁总股本的12.41%. 曹世如在通过本所证券交易系统卖出红旗连锁股份达到5%时和三新创投在通过本所证券交易系统买入红旗连锁股份达到5%时,未按照《证券法》第八十六条,《上市公司收购管理办法》第十三条的规定,及时向本所提交书面报告并披露权益变动报告书,未在履行报告和披露义务前停止卖出和买入红旗连锁股份.",公开谴责,公开谴责,"处分类型,处罚案号"
昆仑万维,深圳证券交易所,传媒,深交所给予通报批评决定书(2016),特定重大事项披露违规,"经查明,北京昆仑万维科技股份有限公司(以下简称“昆仑万维”)及相关当事人存在以下违规行为:2015年12月,昆仑万维将持有的Source Code QFQ Linkage L.P.的60%股权以30,186,801.49美元(约合196,226,284元)转让给kunlunkemilimited,取得投资收益113,310,672.88元,上述投资收益占昆仑万维2014年度经审计净利润的比例为34.72%.昆仑万维对上述事项未履行临时报告信息披露义务,仅在2015年度报告中予以披露. 昆仑万维的上述行为违反了本所《创业板股票上市规则(2014年修订)》第2.1条,第2.6条,第7.3条,第9.2条的规定.昆仑万维董事长,总经理兼时任董事会秘书周亚辉未能恪尽职守,履行诚信勤勉义务,违反了本所《创业板股票上市规则(2014年修订)》第2.2条,第2.6条,第3.1.5条,第3.2.2条的规定,对昆仑万维违规行为负有重要责任.",内部通报批评,通报批评,"处分类型,处罚案号"
*ST仁东,深圳证券交易所,非银金融,-,特定重大事项披露违规,"一,未及时披露大额政府补助,未披露业绩预告修正公告.公司在《关于〈深圳证券交易所对公司问询函〉回复的公告》中披露,诸暨市人民政府办公室和诸暨市人民政府陶朱街道办事处分别于2015年12月23日和2015年12月25日下収《关于对浙江宏磊铜业股仹有限公司实施资金补助的意见》文件.公司在收到上述文件时未及时履行信息披露义务,也未披露业绩预告修正公告. 二,未及时披露重大诉讼事项.公司収生前述重大诉讼事项累计金额达31,111.52万元,占2014年末经审计净资产的比例为27.77%,公司均未及时履行临时信息披露义务.直至2016年4月30日,公司才在《2015年年度报告》中对外披露前述重大诉讼事项.公司时仸副总经理兼董事会秘书赵毅未能恪尽职守,履行诚信勤勉义务,违反了本所《股票上市规则(2014年修订)》第2.2条,第3.1.5条和第3.2.2条的规定,对公司上述违规行为负有重要责仸.",内部通报批评,通报批评,处分类型
重庆钢铁,上海证券交易所,钢铁Ⅱ,(2016)47号,"业绩预告(快报)公告违规,公司运作,治理违规","经查明,2016年1月30日,重庆钢铁股份有限公司(以下简称公司)披露2015年度业绩预亏公告,预计2015年度经营业绩将出现亏损,实现归属于上市公司股东的净利润为-39亿元左右.3月26日,公司披露更正公告称,预计2015年度实现归属于上市公司股东的净利润为-59.8亿元左右,业绩更正原因为公司前期未能合理预计应计提存货跌价损失事项,公司在对存货进行了全面清理后计提了减值准备,对财务报告产生重大影响.3月31日,公司披露2015年度报告,公司2015年度归属于上市公司股东的净利润为-59.87亿元.公司年度业绩是投资者关注的重大事项,可能对公司股价及投资者决策产生重大影响. 公司前期披露的业绩预告为预亏39亿元左右,实际亏损高达59.87亿元,公司预告的业绩与实际业绩状况出现重大偏差,差异金额达到20.87亿元,情节严重,可能对投资者产生重大误导.尽管公司3月26日公告称,公司业绩更正原因涉及存货跌价准备计提事项,但该事项非突发性事件,公司在1月30日进行业绩预告时,即应根据会计准则对此进行充分的会计估计,形成相应会计处理结论,并充分揭示风险.同时,公司直至3月26日才发布业绩预告更正公告,信息披露不及时,存在严重滞后.",内部通报批评,通报批评,处分类型
盈方微,深圳证券交易所,半导体,-,财务类违规,财务会计报告违规,内部通报批评,通报批评,处分类型
大东南,深圳证券交易所,化工,-,"特定重大事项披露违规,公司运作,治理违规","信息披露虚假或严重误导性陈述,重大事项未履行审议程序",内部通报批评,通报批评,处分类型
浙江东方,上海证券交易所,非银金融,(2016)49号,"特定重大事项披露违规,公司运作,治理违规","2013年3月,公司与控股股东浙江省国际贸易集团有限公司(以下简称浙江国贸),浙江国贸的控股子公司浙江省国兴进出口有限公司(以下简称浙江国兴)以及第三方上海航明新能源科技有限公司共同设立浙江国贸新能源投资股份有限公司(以下简称国贸新能源).浙江国兴,浙江国贸和公司持有国贸新能源股份的比例分别为40%,10%和35%.各方约定,国贸新能源成立后,如需各出资方提供配套资金,各出资方将按照出资比例同比例提供. 经核实,公司在2013年至2015年分别向国贸新能源提供配套资金1.4亿元,1.4亿元和9540万元,而按照国贸新能源实际借款总额和各出资方的出资比例,公司应提供的配套资金不应超过9487.84万元,1.25亿元和8463万元.公司超出出资比例提供资金给关联方使用,导致关联方2013年至2015年占用公司资金4512.16万元,1537.82万元和1077万元. 综上,公司的年报财务数据披露不真实,不准确,以及违规向关联方提供资金,违反了《上海证券交易所股票上市规则》(以下简称《股票上市规则》)第1.4条,第2.1条,第2.5条的有关规定以及中国证监会发布的《关于规范上市公司与关联方资金往来及上市公司对外担保若干问题的通知》的有关规定.时任董事长高康,分管上述业务的董事严炜尔,总经理何卫红,董事会秘书兼财务总监王俊未勤勉尽责,对公司的违规行为负有相应责任,其行为违反了《股票上市规则》第2.2条,第3.1.4条,第3.1.5条,第3.2.2条的规定以及其在《董事(监事,高级管理人员)声明及承诺书》中做出的承诺. 考虑到公司2013年,2014年虚增的营业收入分别占当年营业收入的0.27%,1.76%,虚增的营业成本分别占当年营业成本的0.28%,1.89%,对公司当期经营业绩的影响较小;而且,对于超比例向关联方提供的资金,公司也已收回,上海证券交易所(以下简称本所)在实施纪律处分时酌情予以减轻处理.",内部通报批评,通报批评,处分类型
ST中青宝,深圳证券交易所,传媒,-,特定重大事项披露违规,"经查明,深圳中青宝互动网络股份有限公司(以下简称“中青宝”)及相关当事人存在以下违规行为:2014年12月,中青宝控制的上海集美信息技术有限公司以7,676.38万元的价格向环球互动数码科技有限公司转让《君王3》的游戏著作权,获得归属于中青宝普通股股东的收益约3,614.77万元,该笔收益占中青宝2013年度经审计的归属于普通股股东的净利润比例为70.83%.中青宝未对上述事项履行临时报告信息披露义务.中青宝的上述行为违反了本所《创业板股票上市规则(2014年修订)》第2.1条,第7.3条,7.9条,第11.11.5条的规定. 中青宝董事长兼总经理李瑞杰未能恪尽职守,履行诚信勤勉义务,违反了本所《创业板股票上市规则(2014年修订)》第2.2条,3.1.5条的规定,对中青宝的上述违规行为负有主要责任.中青宝时任财务总监刘立,时任董事会秘书李泽文未能恪尽职守,履行诚信勤勉义务,违反了本所《创业板股票上市规则(2014年修订)》第2.2条,3.1.5条的规定,对中青宝的上述违规行为负有责任.","公开谴责,内部通报批评","公开谴责,通报批评",处分类型
ST中青宝,深圳证券交易所,传媒,-,"公司运作,治理违规",未及时披露公司重大事件,公开谴责,公开谴责,处分类型
爱旭股份,上海证券交易所,电气设备,纪律处分决定书(2016)51号,特定重大事项披露违规,未及时披露公司重大事件,内部通报批评,通报批评,处分类型
爱旭股份,上海证券交易所,电气设备,(2016)52号,"公司运作,治理违规",违规事实和情节,公开谴责,公开谴责,处分类型
爱旭股份,上海证券交易所,电气设备,(2016)52号,"公司运作,治理违规",违规事实和情节,公开谴责,公开谴责,处分类型
祥源文旅,上海证券交易所,消费者服务,(2016)50号,"定期报告披露违规,特定重大事项披露违规","经查明,公司于2016年3月22日披露的2015年年度报告未按规定披露重要信息,存在较多遗漏和错误,严重影响了投资者的阅读和理解. 一,公司年报未按要求披露信息,存在多处遗漏经审核发现,公司2015年年度报告未严格按照《公开发行证券的公司信息披露内容与格式准则第2号-年度报告的内容与格式》(以下简称《格式准则第2号》)和《公开发行证券的公司信息披露编报规则第15号-财务报告的一般规定》(以下简称《编报规则第15号》)的要求披露相关信息,存在重大遗漏.其一,公司年报未按照《格式准则第2号》的要求披露分产品的主营业务情况,主要供应商和销售客户的情况,前5名客户销售额占年度销售总额和前5名供应商采购额占年度采购总额的比例.公司存在净利润影响达到10%以上的子公司,但未按规定披露该子公司营业收入,营业利润,净利润等数据. 其二,公司财务报告未按照《编报规则第15号》的要求披露商誉减值测试过程,参数以及商誉减值准备的确认方法,也未披露会计利润与所得税费用调整过程以及报表附注中关于非同一控制下企业合并的相关说明等重要信息. 二,公司年报中存在多处空白表格,影响投资者阅读公司2015年年报中存在50余处空白表格,如应付债券,账龄超过1年的重要预收款项,期末建造合同形成的已结算未完工项目情况,一年内到期的非流动资产等项目.同时,部分表格未填写金额,也未明确是否为0,如按款项性质分类的其他应收款期初余额,长期股权投资期末余额等.根据上海证券交易所(以下简称本所)年报审核问询函要求,公司对前述空白表格进行了补充公告.大量的空白表格,降低了年度报告的完整性,严重影响了投资者的阅读和理解. 三,年报中多处数据填写错误或前后不一致公司年报中存在多处错误,如按欠款方归集的期末余额前5名的应收账款情况,按预付对象归集的期末余额前5名的预付款情况,商誉账面价值,收到的其他与投资活动有关的现金等项目,数据填写错误或者前后不一致. 公司2015年年报部分信息披露不完整,不准确,年报编制工作存在严重疏漏,其行为违反了《格式准则第2号》《编报规则第15号》及《上海证券交易所股票上市规则》(以下简称《股票上市规则》)第1.4条,第2.1条,第2.7条等有关规定;公司董事会秘书詹纯伟作为公司信息披露事务负责人,未勤勉尽责,对公司的违规行为负有主要责任,其行为违反了《股票上市规则》第2.2条,第3.1.4条,第3.2.2条的规定以及其在《董事(监事,高级管理人员)声明及承诺书》中做出的承诺.",内部通报批评,通报批评,处分类型
爱旭股份,上海证券交易所,电气设备,(2016)52号,"公司运作,治理违规",违规事实和情节,公开谴责,公开谴责,处分类型
爱旭股份,上海证券交易所,电气设备,上海证券交易所纪律处分决定书(2016)51号,"公司运作,治理违规","经查明,上海新梅置业股份有限公司(以下简称*ST新梅或公司)在履行信息披露义务方面,有关责任人在职责履行方面存在以下违规行为. 一,筹划重大资产重组不审慎,风险揭示不充分2015年8月25日,*ST新梅因筹划重大事项进行停牌.2015年12月8日,公司在停牌3个月后披露重大资产重组预案,拟发行股份及支付现金购买江阴戎辉机械设备制造有限公司(以下简称江阴戎辉)100%股权.2016年1月5日,公司披露了重大资产重组预案(修订稿),公司股票同日复牌交易.2016年6月9日,公司披露终止重大资产重组公告称,交易对方江阴戎辉的股东提出两项要求:其一,评估上市公司股权诉讼等事项对公司治理稳定性的影响,以及该等影响是否可能导致本次交易需要重新履行保密审批;其二,评估在当前公司治理现状下公司重组能否获得中国证监会行政许可. 公告同时披露,重组各方就此分析了本次交易尚需克服的法律障碍及继续履行重组的相关要求,并决定终止本次重大资产重组.公司股权诉讼事项及相关公司治理状况在本次重大资产重组筹划前即客观存在,公司及相关重组各方在筹划资产重组过程中,即应充分考虑相关事项对重组事项的影响,进而决定是否推出重组方案.公司前期的信息披露也未就该等事项可能导致重组事项终止作出有针对性的风险揭示.在披露预案5个月后,在相关诉讼事项,公司治理事项未发生重大变化的情况下,公司及重组各方决定终止重组,反映公司筹划重大资产重组事项并不审慎,且相关风险揭示不充分,对投资者预期产生误导. 二,未及时披露股份回购协议变动情况2012年11月,喀什中盛创投有限公司(以下简称喀什中盛)与辅仁药业集团有限公司(以下简称辅仁集团)签订《股份转让协议》,受让辅仁集团持有的河南省宋河酒业股份有限公司(以下简称宋河酒业)5%的股份. 协议约定,如果宋河酒业在相关股份转让完成3年内(2015年12月18日前)未能完成公开发行上市,喀什中盛有权要求辅仁集团回购其所出让的全部股份,回购价格为转让价格(1.35亿元)及每年12%的固定利息.2013年6月,公司股东大会审议通过了《关于购买喀什中盛股权的议案》,收购完成后喀什中盛成为公司全资子公司.2014年12月,喀什中盛与河南辅仁控股有限公司(以下简称辅仁控股),辅仁集团签署了《股份转让协议补充协议》,约定原《股份转让协议》项下由辅仁集团承担的全部义务(包括但不限于回购义务等)以及享有的全部权利转由辅仁控股承担和享受,辅仁集团同意就上述全部义务承担连带责任;在辅仁集团成为辅仁控股全资子公司后,辅仁集团上述全部义务的连带责任自动解除. 《股份转让协议补充协议》涉及到回购主体的变更,属于应当披露的交易的重大进展,但公司迟至2016年4月1日才披露了相关事项.公司在相关协议发生重大变更时,未能及时履行信息披露义务.","要求提交书面承诺,内部通报批评",通报批评,处分类型
爱旭股份,上海证券交易所,电气设备,(2016)52号,"公司运作,治理违规",违规事实和情节,公开谴责,公开谴责,处分类型
爱旭股份,上海证券交易所,电气设备,(2016)52号,"公司运作,治理违规",违规事实和情节,公开谴责,公开谴责,处分类型
爱旭股份,上海证券交易所,电气设备,(2016)52号,"公司运作,治理违规",违规事实和情节,公开谴责,公开谴责,处分类型
爱旭股份,上海证券交易所,电气设备,(2016)52号,"公司运作,治理违规",违规事实和情节,公开谴责,公开谴责,处分类型
粤传媒,深圳证券交易所,传媒,-,"业绩预告(快报)公告违规,特定重大事项披露违规","经查明,广东广州日报传媒股份有限公司(以下简称“公司”)及相关当事人存在以下违规行为:2015年10月30日,公司披露2015年第三季度报告,预计2015年度归属于上市公司股东的净利润(以下简称“净利润”)为0.92亿元至2.07亿元;2016年1月29日,公司披露业绩预告修正公告,预计2015年净利润为0万元至1.15亿元;2016年2月26日,公司披露业绩快报,预计2015年度净利润为798万元;2016年3月18日,公司披露业绩快报修正公告,修正后2015年度净利润为-2.74亿元;2016年4月20日,公司在年度报告中披露2015年度经审计的净利润为-4.45亿元. 公司未在规定期限内对业绩预告和业绩快报作出准确修正,且—2—2015年经审计的净利润与业绩快报修正公告中披露的净利润存在较大差异,净利润差异金额为1.71亿元,占2015年经审计的净利润绝对值的62%.公司的上述行为违反了本所《股票上市规则(2014年修订)》第2.1条,第11.3.3条和第11.3.7条的规定.公司时任董事长顾涧清,财务总监吴宇未能恪尽职守,履行诚信勤勉义务,违反了本所《股票上市规则(2014年修订)》第2.2条,第3.1.5条和第3.1.6条的规定,对公司上述违规行为负有重要责任.",内部通报批评,通报批评,处分类型
*ST大晟,上海证券交易所,传媒,(2016)53号,"公司运作,治理违规",违规事实和情节,内部通报批评,通报批评,处分类型
ST通葡,上海证券交易所,食品饮料,(2016)54号,"特定重大事项披露违规,财务类违规","经查明,通化葡萄酒股份有限公司(以下简称公司)存在如下违规事实: 一,公司2015年年度财务报告存在会计处理差错,信息披露不准确2015年3月11日,公司以增资及股权转让方式收购北京九润源电子商务有限公司(以下简称九润源)51%股权.本次交易为非同一控制下的企业合并,公司支付的合并对价共计6,669万元,合并当日被收购方企业的可辨认净资产的公允价值为5,988.7万元,可辨认净资产的账面价值为5,988.7万元,被购买方企业评估价值为1.35亿元. 公司在2015年年度报告中确认商誉7493.99万元,确认营业外收入207.17万元.2016年6月15日,公司披露《关于2015年度财务报告会计差错更正事项的公告》称,根据上海证券交易所(以下简称本所)对公司2015年度财务报告的事后审核问询函,公司核查发现年报存在会计差错:2015年在对九润源合并时,由于对可辨认净资产公允价值的认定存在差错,导致在合并日将支付对价人民币6,669万元与评估价值调整后的公允价值按所享有份额之间的差异确认了营业外收入207.17万元;将账面价值与评估价值之间的差异确认为商誉7493.99万元. 根据《企业会计准则第20号-企业合并》的规定,企业合并成本大于合并中取得的被购买方可辨认净资产公允价值份额的差额,应确认为商誉;企业合并成本小于合并中取得的被购买方可辨认净资产公允价值份额的差额,应计入合并当期损益.公司在上述交易商誉的确认和计量过程中对可辨认净资产公允价值的认定存在差错,导致错误确认营业外收入,影响当年净利润-207.17万元(占公司2015年度净利润的81.31%),虚增确认正商誉,影响当年净资产-3879.23万元.经监管问询督促后,公司才于2016年6月15日对前述会计差错作进一步补充披露和更正. 相应差错更正后,公司2015年度归属于母公司股东的净利润仅为47.63万元.公司2015年年度财务报告因会计差错导致信息披露不准确, 二,公司未按规定完整,准确披露年报信息公司在2015年度报告中未严格按照《公开发行证券的公司信息披露内容与格式准则第2号-年度报告的内容与格式》,以及《公开发行证券的公司信息披露编报规则第15号-财务报告的一般规定》的要求披露相关信息,公司2015年年度报告存在较多遗漏和错误之处:其一,公司未按规定披露应披露信息,包括报告期内主要资产发生重大变化情况的说明,重大的股权投资情况说明,重大资产和股权出售情况说明,重要会计估计变更情况,货币资金受限情况等21处.其二,公司信息披露存在多处错误,如公司在管理层讨论与分析中对收入和成本的分析披露口径不一致,坏账准备计提比例披露错误等. 公司2015年年报因会计处理差错导致信息披露不准确且未及时更正,公司未按规定完整,准确披露年报信息,其行为违反了《公开发行证券的公司信息披露内容与格式准则第2号-年度报告的内容与格式》《公开发行证券的公司信息披露编报规则第15号-财务报告的一般规定》及《上海证券交易所股票上市规则》(以下简称《股票上市规则》)第1.4条,第2.1条,第2.5条,第2.7条等相关规定. 时任董事长何为民作为信息披露第一责任人,财务总监孟祥春作为公司财务负责人,董事会秘书高振才作为公司信息披露直接责任人,3人未能勤勉尽责,对公司的违规行为负有责任,违反了《股票上市规则》第2.2条,第3.1.4条,第3.1.5条,第3.2.2条的规定以及其在《董事(监事,高级管理人员)声明及承诺书》中做出的承诺.",内部通报批评,通报批评,处分类型
顺威股份,深圳证券交易所,家电Ⅱ,-,"公司运作,治理违规",未在首次卖出的15个交易日前预先披露减持计划;三个月内通过集中竞价交易减持股份的比例超过公司股份总数的1%,公开谴责,公开谴责,处分类型
远东股份,上海证券交易所,电气设备,(2016)56号,特定重大事项披露违规,"经查明,远东智慧能源股份有限公司(以下简称公司)在信息披露方面存在以下违规行为: 一,公司业绩预告披露不及时公司2016年3月2日发布业绩预告,预计2015年度实现归属于上市公司股东的净利润41,000万元到46,000万元,与上年同期相比增加124%-152%.根据已披露的2015年年度报告,公司2015年度实现归属于上市公司股东的净利润4.2亿元,较上年同期增加131.11%.公司年度业绩增长比例远超《上海证券交易所股票上市规则》(以下简称《股票上市规则》)规定的50%的披露要求,属于重大股价敏感信息.公司本应在2016年1月31日之前进行业绩预告,但公司迟至2015年3月2日才进行预告,逾期1个月有余. 公司年度业绩是投资者关注的重大事项,公司年度业绩增长幅度大,预告逾期时间长,其未在规定时间内及时作出业绩预告的行为,可能对投资者决策产生重大不利影响. 二,公司在股票交易发生异常波动后未充分核查并披露重大信息公司股票价格在2016年2月24-26日连续3个交易日内的涨幅偏离值累计超过20%,股票交易出现异常波动.公司在前述业绩预告披露前两个交易日,即2月27日发布了股票交易异常波动公告,明确表示不存在应披露而未披露的重大信息.公司在未作业绩预告且股票交易已发生异动的情况下,仍未如实核查并对外披露业绩大幅增长的事实,导致相隔仅2个交易日的两则公告内容出现重大反差,对投资者造成重大误导,违规情节严重. 综上所述,公司未在规定的期限内预告业绩大幅变动的信息,相关信息披露不及时;在股票交易已经出现异常波动的情况下,在定期报告编制和披露的期间,公司仍未审慎核查并如实披露业绩大幅增长的事实,信息披露存在重大遗漏,对投资者的决策行为可能产生重大影响,情节严重.公司前述行为违反了《股票上市规则》第2.1条,第2.3条,第2.5条,第2.7条,第11.3.1和第11.5.3条等有关规定. 时任财务总监兼董事会秘书万俊理应熟知信息披露相关规则,及时核实公司2015年全年业绩的基本情况,并督促公司遵守信息披露相关规定,但其不熟悉且未督促公司严格遵守信息披露相关规则,是导致公司两项信息披露违规行为的直接原因,对公司违规行为负有主要责任;时任公司董事长蒋锡培,总经理蒋华君是公司主要负责人,理应全局把握和了解公司经营状况,财务状况和业绩状况;时任独立董事兼董事会审计委员会召集人蔡建尽管不参与公司日常经营,但根据其职责,理应对年度业绩重大变化的事实及时了解并充分关注,但上述责任人未勤勉尽责,对公司的两项信息披露违规行为也负有责任. 前述人员的行为违反了《股票上市规则》第2.2条,第3.1.4条,第3.1.5条,第3.2.2条的规定,以及其在《董事(监事,高级管理人员)声明及承诺书》中做出的承诺.","公开谴责,内部通报批评","公开谴责,通报批评",处分类型
杭电股份,上海证券交易所,电气设备,(2016)57号,"特定重大事项披露违规,公司运作,治理违规","经查明,杭州电缆股份有限公司(以下简称公司)在信息披露方面存在以下违规行为: 一,公司签订合作框架协议信息披露不完整,相关进展披露不及时2015年12月22日,公司发布《关于签订合作框架协议的公告》,拟与中矿能源科技有限责任公司(以下简称中矿能源)合作调研,并确定是否与国外石墨烯公司合作投资相关项目.经核实,上述协议中约定了带有期限的排他性条款(第4.1条):“中矿能源不得将石墨烯相关项目与国内其他公司进行洽谈或签署任何合作意向,协议等”;同时,约定“在协议签署生效6个月期间届满后,双方决定放弃本项目或未就本项目确定是否与国外石墨烯公司合作投资相关项目,双方将不受该排他性限制”.2016年2月2日,公司又与中矿能源签订了补充协议,删除了协议中有关排他性条款的约定. 前述带有期限的排他性条款属于合作协议的关键信息,对投资者具有重大的决策参考作用,但公司在2015年12月22日发布的公告中遗漏披露了该关键性合同信息.此外,公司在披露签订上述协议公告时,也未按照上海证券交易所(以下简称本所)相关战略框架协议公告格式指引披露合作对方所掌握的具体石墨烯技术,产业化应用阶段和可行性,相关石墨烯技术与公司现有业务的关联度以及进入新技术领域的现有储备等重要信息.经本所公司监管部门问询,公司于2015年12月24日才对上述事项予以补充披露.公司对签订合作框架协议的相关信息披露不完整. 此后,公司也未及时披露2016年2月2日与中矿能源签订补充协议取消排他性条款的重大进展,经本所公司监管部门问询后,公司于2016年4月18日才补充披露.2016年4月13日,公司又发布《关于公司签订研发与产业化合作议定书的公告》称,拟与澳大利亚新南威尔士大学及澳大利亚新南创新有限公司共同进行石墨烯技术研发,并在中国实现研究成果产业化.公司也未披露合作对方所掌握的具体石墨烯技术,产业化应用阶段和可行性,相关石墨烯技术与公司现有业务的关联度,以及进入新技术领域的现有储备等重要信息.直至本所公司监管部门问询后,公司才于2016年4月18日补充披露.公司对于签订合作议定书的相关信息披露不够完整,充分. 二,公司未按要求披露股东提议高送转公告2016年2月29日,公司召开年度董事会审议2015年利润分配方案等事项,控股股东永通控股集团在董事会上提出具体分配方案的提议,建议公司2015年度实施现金分红的同时,以资本公积金向全体股东每10股转增20股.2016年3月1日,公司董事会审议通过控股股东提议的议案,公司披露董事会决议公告.但公司在发布该重大信息时,未严格按照本所相关高送转公告格式指引的规定编制并发布公告,也未充分披露控股股东提议高送转的目的,董事会决定高送转方案的合理性与可行性,董事和提议股东的持股变动及其后续增减持计划,后续公司限售股解禁情况等重大信息. 在经本所公司监管部门督促后,公司才于次日补充发布了有关董事会审议高送转的公告.高送转属于影响投资者决策的重大股价敏感信息,但公司未能按照相关格式指引规定向投资者充分披露决策相关的重要信息,相关信息披露不完整,充分.",内部通报批评,通报批评,处分类型
*ST返利,上海证券交易所,传媒,(2016)58号,"公司运作,治理违规",违规事实和情节,内部通报批评,通报批评,处分类型
新洋丰,深圳证券交易所,化工,-,"特定重大事项披露违规,公司运作,治理违规,短线交易","经查明,湖北洋丰股份有限公司(现更名为“湖北洋丰集团股份有限公司”,以下简称“洋丰集团”)及相关当事人存在以下违规事实: 一,信息披露违法违规, 二,短线交易,洋丰集团的上述行为违反了《股票上市规则(2014年修订)》第1.4条,第3.1.8条,第11.8.1条的规定,洋丰集团时任董事长,法定代表人杨才学未能恪尽职守,履行诚信勤勉义务,违反了《股票上市规则(2014年修订)》第1.4条,第2.3条规定,对洋丰集团上述违规行为负有重要责任.",公开谴责,公开谴责,处分类型
申华控股,上海证券交易所,可选消费零售,纪律处分决定书(2016)62号,"特定重大事项披露违规,公司运作,治理违规","重大事项未履行审议程序,未及时披露公司重大事件",内部通报批评,通报批评,处分类型
*ST春天,上海证券交易所,医药生物,(2016)61号,特定重大事项披露违规,"经查明,2012年8月13日,原告池智良因民间借款,担保合同纠纷,向广东省高级人民法院起诉黄贤优,并要求贤成集团有限公司,西宁市国新投资控股有限公司,青海贤成矿业股份有限公司(以下简称贤成矿业)承担连带清偿责任.2014年11月13日,最高人民法院终审判决贤成矿业承担原告债权本金5.21亿元及其利息二分之一的赔偿责任.2015年9月16日,广州海事法院做出执行裁定书,裁定青海春天药用资源科技股份有限公司(以下简称青海春天或公司)应当承继贤成矿业前述赔偿责任,系前述诉讼的被执行人.2015年9月21日,广州海事法院再次做出裁定,冻结公司持有的青海春天药用资源科技利用有限公司(以下简称春天药用)99.8034%股权,责令公司必须履行生效法律文书确定的义务,逾期未能履行的,将拍卖上述冻结的股权.2015年9月25日,广州海事法院做出执行通知书,责令公司按照相关判决书履行义务,向原告给付执行款,并负担申请执行费817543.35元. 公司于2015年9月29日收到上述执行通知及执行裁定后,向广州海事法院提交执行异议申请书.2015年12月7日,2016年4月25日,广州海事法院先后召开了该事项的听证会.2016年3月31日,广州海事法院做出执行通知书,裁定拍卖公司持有的春天药用股权;2016年4月22日,广州海事法院做出执行通知书,责令公司按照相关判决,向原告给付执行款379,963,650元,并负担申请执行费817,543.35元.2016年5月13日,公司将原告申请执行的379,963,650元中的本金部分清偿款7,819,850元支付到广州海事法院.经核实,对于上述涉及公司的重大诉讼事项进展,公司均未及时对外披露. 根据公司2015年年报,本案涉及的公司控股子公司春天药用实现销售收入近13.48亿元,净利润近3.62亿元,为公司贡献近95%的收入和近100%的利润,是公司主要的收入和利润来源.公司持有的春天药用全部股权被冻结,裁定拍卖,将使公司可能面临重大风险,但公司未在知悉上述事项时及时履行信息披露义务,直至2016年6月18日,经监管问询后,才披露公司所持控股子公司春天药用99.8034%股权被冻结,裁定拍卖等事项.公司在2015年年报中关于该诉讼的进展也仅披露“原告向广州海事法院申请,公司已提起执行异议申请”,并未提及公司股权被冻结,裁定等事项. 公司解释称,因对法院裁定存在异议,且披露后将对公司生产经营产生影响,因此没有及时披露.综上,公司未及时披露重大诉讼事项进展,且该进展事项将使公司可能面临重大风险,其解释所称的对法院裁定存在异议和对公司生产经营产生影响等可以在披露诉讼进展时一并披露,并不能免除公司及时披露的义务.公司前述行为违反《上海证券交易所股票上市规则》(以下简称《股票上市规则》)第2.1条,第2.3条,第11.1.5条,第11.12.5条有关规定. 公司时任董事会秘书陈定作为信息披露事务的具体负责人,未勤勉尽责,对公司的违规行为负有责任,其行为违反了《股票上市规则》第2.2条,第3.1.4条,第3.1.5条,第3.2.2条等规定,以及其在《董事(监事,高级管理人员)声明及承诺书》中做出的承诺.",内部通报批评,通报批评,处分类型
申华控股,上海证券交易所,可选消费零售,-,"公司运作,治理违规",违规事实和情节,内部通报批评,通报批评,处分类型
盈峰环境,深圳证券交易所,环保Ⅱ,-,"公司运作,治理违规","经查明,本所上市公司盈峰环境科技集团股份有限公司(以下简称“盈峰环境”)股东深圳市权策管理咨询有限公司(以下简称“权策管理”),深圳市安雅管理咨询有限公司(以下简称“安雅管理”)存在以下违规事实:2016年8月17日,盈峰环境披露了《关于并购宇星科技发展(深圳)有限公司后续应收账款处置的进展公告》(以下简称“进展公告”). 进展公告显示,公司股东权策管理,安雅管理与盈峰环境于2015年12月签署的《关于发行股份及支付现金购买资产之盈利补偿协议之补充协议一》的约定,权—2—策管理与安雅管理应当于2016年6月30日前支付截至2016年3月31日宇星科技尚未全部收回的应收账款及其他应收款第一期现金对价,即现金总对价的40%.其中,权策管理应当支付的第一期款项金额为114,142,853.95元,安雅管理应当支付的第一期款项金额为56,093,567.63元. 权策管理与安雅管理未按照协议约定及时履行承诺支付应收款项第一期回购款,也未提出进一步解决措施,违反了其在盈峰环境发行股份及支付现金购买购买宇星科技100%股权重大资产重组交易中做出的相关承诺.",内部通报批评,通报批评,处分类型
京粮控股,深圳证券交易所,食品饮料,-,特定重大事项披露违规,"经查明,海南珠江控股股份有限公司(以下简称“公司”)及相关当事人存在以下违规行为: 一,2013年公司与吕耿英签订多笔借款合同向吕耿英借款合计5100万元,利息及管理费率30%/年,合同利息及管理费用总额1530万元,占公司最近一个会计年度经审计净利润的12.1%,公司未及时履行临时信息披露义务. 二,2014年5月吴昊岩向公司全资子公司海南珠江实业股份有限公司上海房地产公司借出的5000万元展期一年,利息费率18%/年,合同利息费用总额900万元,占公司最近一个会计年度经审计净利润的66.8%,公司未及时履行临时信息披露义务. 三,2014年7月吕耿英向公司借出的2700万元展期一年,利息及管理费率30%/年,合同利息及管理费用总额810万元,占公司最近一个会计年度经审计净利润的60%,公司未及时履行临时信息披露义务. 四,2014年7月吕耿英向公司借出的2100万元到期,公司未及时清偿,逾期贷款金额占公司最近一期经审计净资产的18%,公司未及时履行临时信息披露义务. 五,2015年1月,公司向马笑楠借款1014万元,利息及管理费率30%/年,合同利息及管理费用总额304万元,占公司最近一个会计年度经审计净利润的22.5%,公司未及时履行临时信息披露义务. 六,2015年4月,公司向张华借款2028.544万元,期限7个月,利息及管理费率30%/年,合同利息及管理费用总额354万元,占公司最近一个会计年度经审计净利润的26%,公司未及时履行临时信息披露义务. 七,公司全资子公司海南珠江实业股份有限公司上海房地产公司债权人吴昊岩向北京市第一中级人民法院申请强制执行借款合同抵押物,北京市第一中级人民法院于2016年4月26日依法立案,相关诉讼涉及金额约5000万元,占公司最近一期经审计净资产的23%,公司未及时履行临时信息披露义务.公司的上述行为违反了本所《股票上市规则(2012年修订)》第2.1条,第11.11.3条和《股票上市规则(2014年修订)》第2.1条,第11.1.1条,第11.11.4条的规定. 公司时任董事长兼总经理郑清未能恪尽职守,履行诚信勤勉义务,违反了本所《股票上市规则(2012年修订)》第2.2条,第3.1.5条和《股票上市规则(2014年修订)》第2.2条,第3.1.5条的规定,对公司上述违规行为负有重要责任.公司时任董事会秘书俞翠红未能恪尽职守,履行诚信勤勉义务,违反了本所《股票上市规则(2012年修订)》第2.2条,第3.1.5条和第3.2.2条和《股票上市规则(2014年修订)》第2.2条,第3.1.5条和第3.2.2条的规定,对公司上述违规行为负有重要责任.",内部通报批评,通报批评,处分类型
*ST云网,深圳证券交易所,消费者服务,-,"公司运作,治理违规","为原子公司合肥天焱生物质能科技有限公司向徽商银行合肥天鹅湖支行的4000万元贷款提供连带责任担保;控股股东孟凯也为此笔贷款提供连带责任担保;在重大资产重组股权过户及资产交割完成后,未按披露的解决措施由中湘实业代为偿还合肥天焱银行贷款;孟凯未遵守其承诺在2016年9月30日前偿还全部银行贷款资金",内部通报批评,通报批评,处分类型
京粮控股,深圳证券交易所,食品饮料,-,"公司运作,治理违规",未及时披露公司重大事件,内部通报批评,通报批评,处分类型
新宁物流,深圳证券交易所,交通运输,-,业绩预告(快报)公告违规,"经查明，江苏新宁现代物流股份有限公司（以下简称“新宁物流”）及相关当事人存在以下违规行为：2016年1月30日，新宁物流披露的2015年度业绩预告显示，预计归属于上市公司股东的净利润为757万元-950万元；2月27日，新宁物流披露的2015年度业绩快报显示，预计归属于上市公司股东的净利润为769.32万元；4月30日，新宁物流披露的2015年度报告显示，归属于上市公司股东的净利润为-10,974.57万元。新宁物流披露的2015年度业绩预告、业绩快报与年度报告相比，归属于上市公司股东的净利润存在重大差异且盈亏性质发生变化。新宁物流董事长王雅军、副董事长曾卓、董事兼总经理谭平江、副总经理吴宏、财务总监马汝柯未能恪尽职守、履行诚信勤勉义务，对新宁物流上述违规行为负有重要责任。","内部通报批评,其他",通报批评,处分类型
*ST东晶,深圳证券交易所,硬件设备,-,"特定重大事项披露违规,公司运作,治理违规","经查明,浙江东晶电子股份有限公司(以下简称“公司”)存在以下违规行为: 一,2012年至2016年间,公司为浙江金轮机电实业有限公司,黄山市东晶光电科技有限公司,公司全资子公司浙江东晶光电科技有限公司(以下简称“东晶光电”)签署的担保合同的担保总额超过审议批准的金额上限,超过金额累计1.6亿元,未及时履行信息披露义务. 二,2013年11月,公司为全资子公司东晶光电提供额度为4,500万元的担保,未及时履行审议程序. 三,2015年11月27日,公司与金华德盛通投资合伙企业(有限合伙)(以下简称“德盛通”),金华天富运科技有限公司(以下简称“天富运”),徐良和刘忠尧签署《股权转让协议》,将所持浙江东晶博蓝特光电有限公司(以下简称“博蓝特”)90%股权转让给徐良,德盛通,刘忠尧和天富运,转让价格为2,850万元;将所持浙江东晶新材料有限公司(以下简称“东晶新材料”)70%股权转让给徐良,德盛通,刘忠尧和天富运,转让价格为2,370万元. 由于截至上述股权转让协议签署日,德盛通的普通合伙人为公司员工,德盛通的有限合伙人中包括公司监事,高级管理人员及部分员工,公司一位员工为天富运的股东并任监事,故本次交易构成关联交易,但公司未按照关联交易事项及时履行审议程序和信息披露义务. 四,2016年3月30日,公司全资子公司东晶光电与博蓝特签署《资产转让协议》,约定将东晶光电的存货等资产转让给博蓝特,最终协商定价3,761.60万元.4月25日,东晶光电与博蓝特签署《资产转让补充协议》延长付款期限.由于博蓝特的董事在过去十二个月内曾经担任公司的职工监事,故本次交易构成关联交易,但公司未按照关联交易事项及时履行审议程序和信息披露义务. 五,2014年4月,公司董事会及股东大会审议通过并为博蓝特提供担保5,500万元.公司将博蓝特股权转出后,公司董事会及股东大会审议通过《关于对浙江东晶博蓝特光电有限公司提供担保的议案》.由于博蓝特的董事在过去十二个月内曾经担任公司的职工监事,故上述担保构成关联方担保,但公司未按照关联担保事项及时履行审议程序和信息披露义务.公司的上述行为违反了本所《股票上市规则(2012修订)》第2.1条,第2.7条,第9.11条,第10.2.4条,第10.2.5条和《股票上市规则(2014修订)》第2.1条,第2.7条,第9.11条,第10.2.4条,第10.2.5条的规定. 公司董事长李庆跃,董事兼副总经理池旭明,董事兼副总经理金良荣,副总经理骆红莉,财务总监楼金萍,董事俞尚东,监事方琳,监事郭雄伟,监事钱建昀,监事黄文俊,监事陈臻,时任监事刘建哲未能恪尽职守,履行诚信勤勉义务,违反了本所《股票上市规则(2012修订)》第1.4条,第2.2条,第3.1.5条和《股票上市规则(2014修订)》第1.4条,第2.2条,第3.1.5条的规定,对公司上述违规行为负有重要责任. 公司董事兼总经理,时任董事会秘书吴宗泽未能恪尽职守,履行诚信勤勉义务,违反了本所《股票上市规则(2012年修订)》第1.4条,第2.2条,第3.1.5条,第3.2.2条和《股票上市规则(2014年修订)》第1.4条,第2.2条,第3.1.5条,第3.2.2条的规定,对公司上述违规行为负有重要责任.",内部通报批评,通报批评,处分类型
新宁物流,深圳证券交易所,交通运输,-,"公司运作,治理违规",业绩预测结果不准确或不及时,内部通报批评,通报批评,处分类型
新宁物流,深圳证券交易所,交通运输,-,"特定重大事项披露违规,业绩预告(快报)公告违规,定期报告披露违规","经查明,江苏新宁现代物流股份有限公司(以下简称“新宁物流”)及相关当事人存在以下违规行为:2016年1月30日,新宁物流披露的2015年度业绩预告显示,预计归属于上市公司股东的净利润为757万元-950万元;2月27日,新宁物流披露的2015年度业绩快报显示,预计归属于上市公司股东的净利润为769.32万元;4月30日,新宁物流披露的2015年度报告显示,归属于上市公司股东的净利润为-10,974.57万元.新宁物流披露的2015年度业绩预告,业绩快报与年度报告相比,归属于上市公司股东的净利润存在重大差异且盈亏性质发生变化. 新宁物流上述行为违反了本所《创业板股票上市规则(2014年修订)》第1.4条,第2.1条,第11.3.4条,第11.3.8条规定.新宁物流董事长王雅军,副董事长曾卓,董事兼总经理谭平江,副总经理吴宏,财务总监马汝柯未能恪尽职守,履行诚信勤勉义务,违反了本所《创业板股票上市规则(2014年修订)》第2.2条,第3.1.5条的规定,对新宁物流上述违规行为负有重要责任.",内部通报批评,通报批评,处分类型
津投城开,上海证券交易所,房地产Ⅱ,(2016)64号,"公司运作,治理违规","经查明,天津市房地产发展(集团)股份有限公司(以下简称公司)的天房美域项目自2006年开工建设,根据天津市西青区政府相关部门的要求,公司承建中小学,托幼等配套公建项目并且承担全部费用.据此,2007年至2014年期间,公司累计计提11860.58万元建设成本,并计提相应的应付账款.2015年9月29日,天津市政府召开工作会议,公司及西青区政府相关人员参加.根据会议要求,相关配套公建项目由西青区政府负责完成,公司仅须支付3500万元建设费用.据此,公司将多计提的8360.58万元应付账款计入了该期营业外收入,产生非经常性收益8360.58万元. 经核实,公司2014年度实现归属上市公司股东的净利润为16836.32万元,该笔营业外收入占2014年归属上市公司股东净利润的比例超过10%,且公司2015年度净利润为449.48万元,该笔营业外收入导致公司年度盈亏变化.对此重大事项,公司理应在2015年9月29日参加相关会议后,及时披露相关事项的决定及对公司经营业绩的影响,但公司迟至2016年4月29日才在2015年年度报告中披露.公司的行为构成以定期报告代替临时公告,信息披露严重滞后.",内部通报批评,通报批评,处分类型
神开股份,深圳证券交易所,石油石化,-,"特定重大事项披露违规,股票交易类违规","经查明,上海快鹿投资(集团)有限公司(以下简称“快鹿集团”),浙江君隆资产管理有限公司(以下简称“君隆资产”)和施建兴存在以下违规行为:截至2015年10月14日,上海业祥投资管理有限公司(以下简称“业祥投资”)合计拥有上海神开石油化工装备股份有限公司(以下简称“神开股份”)权益的股份数量占神开股份总股本的28.078%,成为神开股份第一大股东及控股股东,施建兴成为神开股份实际控制人.2016年7月27日,神开股份在《第一大股东权益变动的提示性公告》中披露,快鹿集团与君隆资产于2016年7月24日签订股份转让协议将快鹿集团持有业祥投资100%的股份转让给君隆资产,并于7月26日完成工商登记变更. 本次股权转让中,业祥投资原控股股东快鹿集团也应被认定为上市公司收购人,因此本次股权转让不符合《证券法》第九十八条和《上市公司收购管理办法》第七十四条的相关规定.同时,快鹿集团及君隆资产未就股份权益变动情况及时告知神开股份并履行信息披露义务.本所认为,业祥投资原控股股东快鹿集团和神开股份原实际控制人施建兴违反了本所《股票上市规则(2014年修订)》第1.4条,第2.1条,第2.3条,《中小企业板上市公司规范运作指引(2015年修订)》第4.1.2条和第4.1.6条的规定,对上述违规行为负有主要责任. 君隆资产违反了本所《股票上市规则(2014年修订)》第1.4条,第2.1条,第2.3条,《中小企业板上市公司规范运作指引(2015年修订)》第4.1.2条和第4.1.6条的规定,对上述违规行为负有责任.",内部通报批评,通报批评,处分类型
方正证券,中国证券监督管理委员会湖南监管局,非银金融,(2016)15号,"公司运作,治理违规",部分营业部客户佣金管理不规范，佣金调整无客户确认记录;向客户提供证券投资顾问服务并收取服务费用的情况下，未按要求与客户签订证券投资顾问协议,"其他,公开谴责",公开谴责,处分类型
得利斯,深圳证券交易所,食品饮料,深证上(2016)1001号,"特定重大事项披露违规,公司运作,治理违规","经查明,山东得利斯食品股份有限公司(以下简称“公司”)存在以下违规行为: 一,公司控股股东,实际控制人的关联人非经营性占用公司资金2014年1月至12月期间,公司实际控制人,时任董事长兼董事郑和平控制的得利斯集团有限公司(以下简称“得利斯集团”)的子公司山东得利斯农业科技股份有限公司(以下简称“得利斯农业”)非经营性占用得利斯资金累计发生额为28,550万元,资金占用日最高余额为11,000万元,得利斯对此未履行相关审议程序和信息披露义务.2015年2月至12月期间,得利斯集团子公司山东得利斯畜牧科技有限公司(以下简称“得利斯畜牧”)和得利斯农业非经营性占用得利斯资金累计16,000万元,其中得利斯畜牧和得利斯农业资金占用日最高余额分别为4,000万元和7,000万元. 公司对此未履行相关审议程序和信息披露义务. 二,关联交易未及时履行信息披露义务2014年1月2日,得利斯向关联方得利斯集团预付5,000万元,用于购买北京鹏达制衣有限公司股权,直到2014年7月份得利斯才履行了相关程序,并进行相应的账务处理.公司的上述行为违反了本所《股票上市规则(2012年修订)》第1.4条,第2.1条,第10.2.4条,第10.2.5条,《股票上市规则(2014年修订)》第1.4条,第2.1条,第10.2.4条,第10.2.5条,《中小企业板上市公司规范运作指引》第2.1.5条和《中小企业板上市公司规范运作指引(2015年修订)》第2.1.6条的规定. 公司实际控制人郑和平及其控制的附属企业得利斯畜牧和得利斯农业违反了本所《股票上市规则(2012年修订)》第1.4条,第2.1条,第2.3条,《股票上市规则(2014年修订)》第1.4条,第2.1条,第2.3条,《中小企业板上市公司规范运作指引》第4.2.1条,第4.2.2条,第4.2.3条,第4.2.6条,第4.2.10条,第4.2.11条和《中小企业板上市公司规范运作指引(2015年修订)》第4.2.1条,第4.2.2条,第4.2.3条,第4.2.7条,第4.2.11条,第4.2.12条的规定及其在《控股股东,实际控制人声明及承诺书》中作出的承诺,对公司上述违规行为负有主要责任. 公司时任董事长郑和平,时任董事兼财务总监杨松国未能恪尽职守,履行诚信勤勉义务,违反了本所《股票上市规则(2012年修订)》第1.4条,第2.2条,第3.1.5条和《股票上市规则(2014年修订)》第1.4条,第2.2条,第3.1.5条的规定,对公司上述违规行为负有主要责任.",公开谴责,公开谴责,处分类型
得利斯,深圳证券交易所,食品饮料,深证上(2016)1001号,"特定重大事项披露违规,公司运作,治理违规","经查明,山东得利斯食品股份有限公司(以下简称“公司”)存在以下违规行为: 一,公司控股股东,实际控制人的关联人非经营性占用公司资金2014年1月至12月期间,公司实际控制人,时任董事长兼董事郑和平控制的得利斯集团有限公司(以下简称“得利斯集团”)的子公司山东得利斯农业科技股份有限公司(以下简称“得利斯农业”)非经营性占用得利斯资金累计发生额为28,550万元,资金占用日最高余额为11,000万元,得利斯对此未履行相关审议程序和信息披露义务.2015年2月至12月期间,得利斯集团子公司山东得利斯畜牧科技有限公司(以下简称“得利斯畜牧”)和得利斯农业非经营性占用得利斯资金累计16,000万元,其中得利斯畜牧和得利斯农业资金占用日最高余额分别为4,000万元和7,000万元. 公司对此未履行相关审议程序和信息披露义务. 二,关联交易未及时履行信息披露义务2014年1月2日,得利斯向关联方得利斯集团预付5,000万元,用于购买北京鹏达制衣有限公司股权,直到2014年7月份得利斯才履行了相关程序,并进行相应的账务处理.公司的上述行为违反了本所《股票上市规则(2012年修订)》第1.4条,第2.1条,第10.2.4条,第10.2.5条,《股票上市规则(2014年修订)》第1.4条,第2.1条,第10.2.4条,第10.2.5条,《中小企业板上市公司规范运作指引》第2.1.5条和《中小企业板上市公司规范运作指引(2015年修订)》第2.1.6条的规定. 公司实际控制人郑和平及其控制的附属企业得利斯畜牧和得利斯农业违反了本所《股票上市规则(2012年修订)》第1.4条,第2.1条,第2.3条,《股票上市规则(2014年修订)》第1.4条,第2.1条,第2.3条,《中小企业板上市公司规范运作指引》第4.2.1条,第4.2.2条,第4.2.3条,第4.2.6条,第4.2.10条,第4.2.11条和《中小企业板上市公司规范运作指引(2015年修订)》第4.2.1条,第4.2.2条,第4.2.3条,第4.2.7条,第4.2.11条,第4.2.12条的规定及其在《控股股东,实际控制人声明及承诺书》中作出的承诺,对公司上述违规行为负有主要责任. 公司时任董事长郑和平,时任董事兼财务总监杨松国未能恪尽职守,履行诚信勤勉义务,违反了本所《股票上市规则(2012年修订)》第1.4条,第2.2条,第3.1.5条和《股票上市规则(2014年修订)》第1.4条,第2.2条,第3.1.5条的规定,对公司上述违规行为负有主要责任.",公开谴责,公开谴责,处分类型
得利斯,深圳证券交易所,食品饮料,深证上(2016)1001号,"特定重大事项披露违规,公司运作,治理违规","经查明,山东得利斯食品股份有限公司(以下简称“公司”)存在以下违规行为: 一,公司控股股东,实际控制人的关联人非经营性占用公司资金2014年1月至12月期间,公司实际控制人,时任董事长兼董事郑和平控制的得利斯集团有限公司(以下简称“得利斯集团”)的子公司山东得利斯农业科技股份有限公司(以下简称“得利斯农业”)非经营性占用得利斯资金累计发生额为28,550万元,资金占用日最高余额为11,000万元,得利斯对此未履行相关审议程序和信息披露义务.2015年2月至12月期间,得利斯集团子公司山东得利斯畜牧科技有限公司(以下简称“得利斯畜牧”)和得利斯农业非经营性占用得利斯资金累计16,000万元,其中得利斯畜牧和得利斯农业资金占用日最高余额分别为4,000万元和7,000万元. 公司对此未履行相关审议程序和信息披露义务. 二,关联交易未及时履行信息披露义务2014年1月2日,得利斯向关联方得利斯集团预付5,000万元,用于购买北京鹏达制衣有限公司股权,直到2014年7月份得利斯才履行了相关程序,并进行相应的账务处理.公司的上述行为违反了本所《股票上市规则(2012年修订)》第1.4条,第2.1条,第10.2.4条,第10.2.5条,《股票上市规则(2014年修订)》第1.4条,第2.1条,第10.2.4条,第10.2.5条,《中小企业板上市公司规范运作指引》第2.1.5条和《中小企业板上市公司规范运作指引(2015年修订)》第2.1.6条的规定. 公司实际控制人郑和平及其控制的附属企业得利斯畜牧和得利斯农业违反了本所《股票上市规则(2012年修订)》第1.4条,第2.1条,第2.3条,《股票上市规则(2014年修订)》第1.4条,第2.1条,第2.3条,《中小企业板上市公司规范运作指引》第4.2.1条,第4.2.2条,第4.2.3条,第4.2.6条,第4.2.10条,第4.2.11条和《中小企业板上市公司规范运作指引(2015年修订)》第4.2.1条,第4.2.2条,第4.2.3条,第4.2.7条,第4.2.11条,第4.2.12条的规定及其在《控股股东,实际控制人声明及承诺书》中作出的承诺,对公司上述违规行为负有主要责任. 公司时任董事长郑和平,时任董事兼财务总监杨松国未能恪尽职守,履行诚信勤勉义务,违反了本所《股票上市规则(2012年修订)》第1.4条,第2.2条,第3.1.5条和《股票上市规则(2014年修订)》第1.4条,第2.2条,第3.1.5条的规定,对公司上述违规行为负有主要责任.",公开谴责,公开谴责,处分类型
